Date,issue,decimal,percentage
15/01/2013,Health,0.28,28
29/01/2013,Health,0.26,26
12/02/2013,Health,0.36,36
26/02/2013,Health,0.32,32
05/03/2013,Health,0.32,32
12/03/2013,Health,0.31,31
19/03/2013,Health,0.29,29
26/03/2013,Health,0.31,31
02/04/2013,Health,0.34,34
09/04/2013,Health,0.31,31
16/04/2013,Health,0.3,30
23/04/2013,Health,0.34,34
30/04/2013,Health,0.3,30
07/05/2013,Health,0.28,28
21/05/2013,Health,0.31,31
04/06/2013,Health,0.32,32
18/06/2013,Health,0.3,30
16/07/2013,Health,0.37,37
30/07/2013,Health,0.41,41
13/08/2013,Health,0.32,32
27/08/2013,Health,0.3,30
10/09/2013,Health,0.32,32
08/10/2013,Health,0.33,33
22/10/2013,Health,0.3,30
05/11/2013,Health,0.26,26
19/11/2013,Health,0.33,33
03/12/2013,Health,0.28,28
17/12/2013,Health,0.32,32
14/01/2014,Health,0.31,31
22/01/2014,Health,0.32,32
28/01/2014,Health,0.31,31
11/02/2014,Health,0.26,26
25/02/2014,Health,0.31,31
11/03/2014,Health,0.31,31
25/03/2014,Health,0.36,36
08/04/2014,Health,0.35,35
13/05/2014,Health,0.34,34
28/05/2014,Health,0.32,32
10/06/2014,Health,0.36,36
24/06/2014,Health,0.35,35
08/07/2014,Health,0.4,40
22/07/2014,Health,0.36,36
05/08/2014,Health,0.41,41
19/08/2014,Health,0.38,38
02/09/2014,Health,0.34,34
16/09/2014,Health,0.37,37
14/10/2014,Health,0.45,45
28/10/2014,Health,0.43,43
11/11/2014,Health,0.39,39
25/11/2014,Health,0.34,34
09/12/2014,Health,0.33,33
06/01/2015,Health,0.46,46
20/01/2015,Health,0.46,46
03/02/2015,Health,0.46,46
17/02/2015,Health,0.43,43
03/03/2015,Health,0.42,42
17/03/2015,Health,0.45,45
31/03/2015,Health,0.45,45
14/04/2015,Health,0.51,51
28/04/2015,Health,0.44,44
12/05/2015,Health,0.45,45
19/05/2015,Health,0.44,44
26/05/2015,Health,0.43,43
02/06/2015,Health,0.39,39
09/06/2015,Health,0.38,38
04/09/2015,Health,0.28,28
18/12/2015,Health,0.39,39
08/06/2016,Health,0.35,35
06/07/2016,Health,0.3,30
26/07/2016,Health,0.29,29
02/08/2016,Health,0.28,28
09/08/2016,Health,0.29,29
17/08/2016,Health,0.3,30
23/08/2016,Health,0.32,32
31/08/2016,Health,0.37,37
14/09/2016,Health,0.38,38
12/10/2016,Health,0.32,32
25/10/2016,Health,0.33,33
01/11/2016,Health,0.33,33
15/11/2016,Health,0.35,35
29/11/2016,Health,0.35,35
17/12/2016,Health,0.34,34
10/01/2017,Health,0.45,45
17/01/2017,Health,0.52,52
24/01/2017,Health,0.45,45
31/01/2017,Health,0.44,44
13/02/2017,Health,0.5,50
22/02/2017,Health,0.51,51
28/02/2017,Health,0.46,46
14/03/2017,Health,0.43,43
21/03/2017,Health,0.44,44
27/03/2017,Health,0.41,41
06/04/2017,Health,0.42,42
19/04/2017,Health,0.42,42
26/04/2017,Health,0.47,47
03/05/2017,Health,0.45,45
10/05/2017,Health,0.48,48
17/05/2017,Health,0.47,47
31/05/2017,Health,0.42,42
07/06/2017,Health,0.41,41
22/06/2017,Health,0.37,37
11/07/2017,Health,0.38,38
01/08/2017,Health,0.39,39
31/08/2017,Health,0.34,34
12/09/2017,Health,0.38,38
11/10/2017,Health,0.37,37
28/11/2017,Health,0.42,42
12/12/2017,Health,0.39,39
20/12/2017,Health,0.39,39
21/12/2017,Health,0.43,43
15/01/2013,Immigration & Asylum,0.47,47
29/01/2013,Immigration & Asylum,0.49,49
12/02/2013,Immigration & Asylum,0.52,52
26/02/2013,Immigration & Asylum,0.53,53
05/03/2013,Immigration & Asylum,0.54,54
12/03/2013,Immigration & Asylum,0.52,52
19/03/2013,Immigration & Asylum,0.53,53
26/03/2013,Immigration & Asylum,0.55,55
02/04/2013,Immigration & Asylum,0.51,51
09/04/2013,Immigration & Asylum,0.55,55
16/04/2013,Immigration & Asylum,0.55,55
23/04/2013,Immigration & Asylum,0.51,51
30/04/2013,Immigration & Asylum,0.55,55
07/05/2013,Immigration & Asylum,0.55,55
21/05/2013,Immigration & Asylum,0.56,56
04/06/2013,Immigration & Asylum,0.56,56
18/06/2013,Immigration & Asylum,0.52,52
16/07/2013,Immigration & Asylum,0.51,51
30/07/2013,Immigration & Asylum,0.5,50
13/08/2013,Immigration & Asylum,0.54,54
27/08/2013,Immigration & Asylum,0.53,53
10/09/2013,Immigration & Asylum,0.51,51
08/10/2013,Immigration & Asylum,0.48,48
22/10/2013,Immigration & Asylum,0.54,54
05/11/2013,Immigration & Asylum,0.55,55
19/11/2013,Immigration & Asylum,0.53,53
03/12/2013,Immigration & Asylum,0.55,55
17/12/2013,Immigration & Asylum,0.56,56
14/01/2014,Immigration & Asylum,0.61,61
22/01/2014,Immigration & Asylum,0.56,56
28/01/2014,Immigration & Asylum,0.53,53
11/02/2014,Immigration & Asylum,0.51,51
25/02/2014,Immigration & Asylum,0.51,51
11/03/2014,Immigration & Asylum,0.53,53
25/03/2014,Immigration & Asylum,0.48,48
08/04/2014,Immigration & Asylum,0.51,51
13/05/2014,Immigration & Asylum,0.52,52
28/05/2014,Immigration & Asylum,0.56,56
10/06/2014,Immigration & Asylum,0.53,53
24/06/2014,Immigration & Asylum,0.56,56
08/07/2014,Immigration & Asylum,0.54,54
22/07/2014,Immigration & Asylum,0.57,57
05/08/2014,Immigration & Asylum,0.54,54
19/08/2014,Immigration & Asylum,0.56,56
02/09/2014,Immigration & Asylum,0.58,58
16/09/2014,Immigration & Asylum,0.54,54
14/10/2014,Immigration & Asylum,0.55,55
28/10/2014,Immigration & Asylum,0.57,57
11/11/2014,Immigration & Asylum,0.55,55
25/11/2014,Immigration & Asylum,0.53,53
09/12/2014,Immigration & Asylum,0.49,49
06/01/2015,Immigration & Asylum,0.52,52
20/01/2015,Immigration & Asylum,0.54,54
03/02/2015,Immigration & Asylum,0.49,49
17/02/2015,Immigration & Asylum,0.5,50
03/03/2015,Immigration & Asylum,0.5,50
17/03/2015,Immigration & Asylum,0.51,51
31/03/2015,Immigration & Asylum,0.48,48
14/04/2015,Immigration & Asylum,0.47,47
28/04/2015,Immigration & Asylum,0.5,50
12/05/2015,Immigration & Asylum,0.47,47
19/05/2015,Immigration & Asylum,0.51,51
26/05/2015,Immigration & Asylum,0.52,52
02/06/2015,Immigration & Asylum,0.52,52
09/06/2015,Immigration & Asylum,0.52,52
04/09/2015,Immigration & Asylum,0.71,71
18/12/2015,Immigration & Asylum,0.63,63
08/06/2016,Immigration & Asylum,0.56,56
06/07/2016,Immigration & Asylum,0.46,46
26/07/2016,Immigration & Asylum,0.47,47
02/08/2016,Immigration & Asylum,0.49,49
09/08/2016,Immigration & Asylum,0.48,48
17/08/2016,Immigration & Asylum,0.44,44
23/08/2016,Immigration & Asylum,0.45,45
31/08/2016,Immigration & Asylum,0.49,49
14/09/2016,Immigration & Asylum,0.48,48
12/10/2016,Immigration & Asylum,0.45,45
25/10/2016,Immigration & Asylum,0.49,49
01/11/2016,Immigration & Asylum,0.47,47
15/11/2016,Immigration & Asylum,0.44,44
29/11/2016,Immigration & Asylum,0.4,40
17/12/2016,Immigration & Asylum,0.45,45
10/01/2017,Immigration & Asylum,0.42,42
17/01/2017,Immigration & Asylum,0.42,42
24/01/2017,Immigration & Asylum,0.42,42
31/01/2017,Immigration & Asylum,0.46,46
13/02/2017,Immigration & Asylum,0.41,41
22/02/2017,Immigration & Asylum,0.38,38
28/02/2017,Immigration & Asylum,0.38,38
14/03/2017,Immigration & Asylum,0.41,41
21/03/2017,Immigration & Asylum,0.38,38
27/03/2017,Immigration & Asylum,0.39,39
06/04/2017,Immigration & Asylum,0.38,38
19/04/2017,Immigration & Asylum,0.36,36
26/04/2017,Immigration & Asylum,0.36,36
03/05/2017,Immigration & Asylum,0.35,35
10/05/2017,Immigration & Asylum,0.34,34
17/05/2017,Immigration & Asylum,0.37,37
31/05/2017,Immigration & Asylum,0.35,35
07/06/2017,Immigration & Asylum,0.37,37
22/06/2017,Immigration & Asylum,0.34,34
11/07/2017,Immigration & Asylum,0.38,38
01/08/2017,Immigration & Asylum,0.36,36
31/08/2017,Immigration & Asylum,0.36,36
12/09/2017,Immigration & Asylum,0.37,37
11/10/2017,Immigration & Asylum,0.33,33
28/11/2017,Immigration & Asylum,0.32,32
12/12/2017,Immigration & Asylum,0.31,31
20/12/2017,Immigration & Asylum,0.3,30
21/12/2017,Immigration & Asylum,0.31,31
15/01/2013,Crime,0.18,18
29/01/2013,Crime,0.16,16
12/02/2013,Crime,0.17,17
26/02/2013,Crime,0.14,14
05/03/2013,Crime,0.15,15
12/03/2013,Crime,0.15,15
19/03/2013,Crime,0.15,15
26/03/2013,Crime,0.14,14
02/04/2013,Crime,0.14,14
09/04/2013,Crime,0.16,16
16/04/2013,Crime,0.18,18
23/04/2013,Crime,0.17,17
30/04/2013,Crime,0.14,14
07/05/2013,Crime,0.14,14
21/05/2013,Crime,0.14,14
04/06/2013,Crime,0.21,21
18/06/2013,Crime,0.14,14
16/07/2013,Crime,0.13,13
30/07/2013,Crime,0.13,13
13/08/2013,Crime,0.13,13
27/08/2013,Crime,0.15,15
10/09/2013,Crime,0.11,11
08/10/2013,Crime,0.13,13
22/10/2013,Crime,0.12,12
05/11/2013,Crime,0.13,13
19/11/2013,Crime,0.13,13
03/12/2013,Crime,0.12,12
17/12/2013,Crime,0.13,13
14/01/2014,Crime,0.15,15
22/01/2014,Crime,0.12,12
28/01/2014,Crime,0.13,13
11/02/2014,Crime,0.12,12
25/02/2014,Crime,0.11,11
11/03/2014,Crime,0.12,12
25/03/2014,Crime,0.13,13
08/04/2014,Crime,0.12,12
13/05/2014,Crime,0.12,12
28/05/2014,Crime,0.1,10
10/06/2014,Crime,0.11,11
24/06/2014,Crime,0.1,10
08/07/2014,Crime,0.12,12
22/07/2014,Crime,0.11,11
05/08/2014,Crime,0.11,11
19/08/2014,Crime,0.12,12
02/09/2014,Crime,0.15,15
16/09/2014,Crime,0.14,14
14/10/2014,Crime,0.1,10
28/10/2014,Crime,0.1,10
11/11/2014,Crime,0.1,10
25/11/2014,Crime,0.1,10
09/12/2014,Crime,0.1,10
06/01/2015,Crime,0.08,8
20/01/2015,Crime,0.1,10
03/02/2015,Crime,0.09,9
17/02/2015,Crime,0.1,10
03/03/2015,Crime,0.11,11
17/03/2015,Crime,0.09,9
31/03/2015,Crime,0.08,8
14/04/2015,Crime,0.07,7
28/04/2015,Crime,0.08,8
12/05/2015,Crime,0.06,6
19/05/2015,Crime,0.07,7
26/05/2015,Crime,0.06,6
02/06/2015,Crime,0.07,7
09/06/2015,Crime,0.07,7
04/09/2015,Crime,0.1,10
18/12/2015,Crime,0.11,11
08/06/2016,Crime,0.07,7
06/07/2016,Crime,0.07,7
26/07/2016,Crime,0.1,10
02/08/2016,Crime,0.12,12
09/08/2016,Crime,0.1,10
17/08/2016,Crime,0.1,10
23/08/2016,Crime,0.09,9
31/08/2016,Crime,0.09,9
14/09/2016,Crime,0.1,10
12/10/2016,Crime,0.08,8
25/10/2016,Crime,0.09,9
01/11/2016,Crime,0.1,10
15/11/2016,Crime,0.08,8
29/11/2016,Crime,0.09,9
17/12/2016,Crime,0.09,9
10/01/2017,Crime,0.09,9
17/01/2017,Crime,0.09,9
24/01/2017,Crime,0.07,7
31/01/2017,Crime,0.09,9
13/02/2017,Crime,0.08,8
22/02/2017,Crime,0.09,9
28/02/2017,Crime,0.1,10
14/03/2017,Crime,0.11,11
21/03/2017,Crime,0.09,9
27/03/2017,Crime,0.11,11
06/04/2017,Crime,0.11,11
19/04/2017,Crime,0.09,9
26/04/2017,Crime,0.1,10
03/05/2017,Crime,0.11,11
10/05/2017,Crime,0.09,9
17/05/2017,Crime,0.09,9
31/05/2017,Crime,0.07,7
07/06/2017,Crime,0.11,11
22/06/2017,Crime,0.11,11
11/07/2017,Crime,0.09,9
01/08/2017,Crime,0.1,10
31/08/2017,Crime,0.1,10
12/09/2017,Crime,0.1,10
11/10/2017,Crime,0.11,11
28/11/2017,Crime,0.12,12
12/12/2017,Crime,0.11,11
20/12/2017,Crime,0.1,10
21/12/2017,Crime,0.11,11
15/01/2013,The economy,0.77,77
29/01/2013,The economy,0.79,79
12/02/2013,The economy,0.74,74
26/02/2013,The economy,0.81,81
05/03/2013,The economy,0.77,77
12/03/2013,The economy,0.77,77
19/03/2013,The economy,0.78,78
26/03/2013,The economy,0.77,77
02/04/2013,The economy,0.77,77
09/04/2013,The economy,0.77,77
16/04/2013,The economy,0.78,78
23/04/2013,The economy,0.76,76
30/04/2013,The economy,0.77,77
07/05/2013,The economy,0.75,75
21/05/2013,The economy,0.72,72
04/06/2013,The economy,0.73,73
18/06/2013,The economy,0.66,66
16/07/2013,The economy,0.64,64
30/07/2013,The economy,0.66,66
13/08/2013,The economy,0.67,67
27/08/2013,The economy,0.67,67
10/09/2013,The economy,0.62,62
08/10/2013,The economy,0.63,63
22/10/2013,The economy,0.66,66
05/11/2013,The economy,0.63,63
19/11/2013,The economy,0.62,62
03/12/2013,The economy,0.6,60
17/12/2013,The economy,0.58,58
14/01/2014,The economy,0.61,61
22/01/2014,The economy,0.58,58
28/01/2014,The economy,0.58,58
11/02/2014,The economy,0.54,54
25/02/2014,The economy,0.61,61
11/03/2014,The economy,0.6,60
25/03/2014,The economy,0.6,60
08/04/2014,The economy,0.57,57
13/05/2014,The economy,0.52,52
28/05/2014,The economy,0.53,53
10/06/2014,The economy,0.52,52
24/06/2014,The economy,0.51,51
08/07/2014,The economy,0.48,48
22/07/2014,The economy,0.49,49
05/08/2014,The economy,0.46,46
19/08/2014,The economy,0.5,50
02/09/2014,The economy,0.48,48
16/09/2014,The economy,0.5,50
14/10/2014,The economy,0.54,54
28/10/2014,The economy,0.5,50
11/11/2014,The economy,0.52,52
25/11/2014,The economy,0.5,50
09/12/2014,The economy,0.5,50
06/01/2015,The economy,0.52,52
20/01/2015,The economy,0.48,48
03/02/2015,The economy,0.5,50
17/02/2015,The economy,0.47,47
03/03/2015,The economy,0.46,46
17/03/2015,The economy,0.45,45
31/03/2015,The economy,0.53,53
14/04/2015,The economy,0.54,54
28/04/2015,The economy,0.52,52
12/05/2015,The economy,0.51,51
19/05/2015,The economy,0.48,48
26/05/2015,The economy,0.47,47
02/06/2015,The economy,0.46,46
09/06/2015,The economy,0.46,46
04/09/2015,The economy,0.35,35
18/12/2015,The economy,0.33,33
08/06/2016,The economy,0.34,34
06/07/2016,The economy,0.47,47
26/07/2016,The economy,0.43,43
02/08/2016,The economy,0.42,42
09/08/2016,The economy,0.45,45
17/08/2016,The economy,0.41,41
23/08/2016,The economy,0.41,41
31/08/2016,The economy,0.37,37
14/09/2016,The economy,0.35,35
12/10/2016,The economy,0.36,36
25/10/2016,The economy,0.39,39
01/11/2016,The economy,0.37,37
15/11/2016,The economy,0.39,39
29/11/2016,The economy,0.4,40
17/12/2016,The economy,0.33,33
10/01/2017,The economy,0.34,34
17/01/2017,The economy,0.31,31
24/01/2017,The economy,0.35,35
31/01/2017,The economy,0.34,34
13/02/2017,The economy,0.3,30
22/02/2017,The economy,0.31,31
28/02/2017,The economy,0.31,31
14/03/2017,The economy,0.32,32
21/03/2017,The economy,0.33,33
27/03/2017,The economy,0.33,33
06/04/2017,The economy,0.32,32
19/04/2017,The economy,0.36,36
26/04/2017,The economy,0.35,35
03/05/2017,The economy,0.34,34
10/05/2017,The economy,0.35,35
17/05/2017,The economy,0.35,35
31/05/2017,The economy,0.29,29
07/06/2017,The economy,0.28,28
22/06/2017,The economy,0.3,30
11/07/2017,The economy,0.35,35
01/08/2017,The economy,0.35,35
31/08/2017,The economy,0.33,33
12/09/2017,The economy,0.3,30
11/10/2017,The economy,0.32,32
28/11/2017,The economy,0.35,35
12/12/2017,The economy,0.31,31
20/12/2017,The economy,0.31,31
21/12/2017,The economy,0.3,30
15/01/2013,Tax,0.16,16
29/01/2013,Tax,0.17,17
12/02/2013,Tax,0.14,14
26/02/2013,Tax,0.18,18
05/03/2013,Tax,0.17,17
12/03/2013,Tax,0.22,22
19/03/2013,Tax,0.16,16
26/03/2013,Tax,0.16,16
02/04/2013,Tax,0.16,16
09/04/2013,Tax,0.19,19
16/04/2013,Tax,0.15,15
23/04/2013,Tax,0.18,18
30/04/2013,Tax,0.17,17
07/05/2013,Tax,0.16,16
21/05/2013,Tax,0.14,14
04/06/2013,Tax,0.14,14
18/06/2013,Tax,0.15,15
16/07/2013,Tax,0.11,11
30/07/2013,Tax,0.08,8
13/08/2013,Tax,0.09,9
27/08/2013,Tax,0.09,9
10/09/2013,Tax,0.1,10
08/10/2013,Tax,0.09,9
22/10/2013,Tax,0.09,9
05/11/2013,Tax,0.11,11
19/11/2013,Tax,0.14,14
03/12/2013,Tax,0.1,10
17/12/2013,Tax,0.11,11
14/01/2014,Tax,0.09,9
22/01/2014,Tax,0.11,11
28/01/2014,Tax,0.1,10
11/02/2014,Tax,0.08,8
25/02/2014,Tax,0.1,10
11/03/2014,Tax,0.11,11
25/03/2014,Tax,0.11,11
08/04/2014,Tax,0.1,10
13/05/2014,Tax,0.1,10
28/05/2014,Tax,0.09,9
10/06/2014,Tax,0.09,9
24/06/2014,Tax,0.07,7
08/07/2014,Tax,0.07,7
22/07/2014,Tax,0.08,8
05/08/2014,Tax,0.09,9
19/08/2014,Tax,0.09,9
02/09/2014,Tax,0.07,7
16/09/2014,Tax,0.07,7
14/10/2014,Tax,0.09,9
28/10/2014,Tax,0.08,8
11/11/2014,Tax,0.08,8
25/11/2014,Tax,0.07,7
09/12/2014,Tax,0.09,9
06/01/2015,Tax,0.07,7
20/01/2015,Tax,0.09,9
03/02/2015,Tax,0.1,10
17/02/2015,Tax,0.13,13
03/03/2015,Tax,0.13,13
17/03/2015,Tax,0.1,10
31/03/2015,Tax,0.11,11
14/04/2015,Tax,0.11,11
28/04/2015,Tax,0.1,10
12/05/2015,Tax,0.11,11
19/05/2015,Tax,0.09,9
26/05/2015,Tax,0.09,9
02/06/2015,Tax,0.08,8
09/06/2015,Tax,0.09,9
04/09/2015,Tax,0.06,6
18/12/2015,Tax,0.05,5
08/06/2016,Tax,0.05,5
06/07/2016,Tax,0.05,5
26/07/2016,Tax,0.04,4
02/08/2016,Tax,0.05,5
09/08/2016,Tax,0.04,4
17/08/2016,Tax,0.05,5
23/08/2016,Tax,0.05,5
31/08/2016,Tax,0.05,5
14/09/2016,Tax,0.05,5
12/10/2016,Tax,0.05,5
25/10/2016,Tax,0.04,4
01/11/2016,Tax,0.04,4
15/11/2016,Tax,0.04,4
29/11/2016,Tax,0.05,5
17/12/2016,Tax,0.05,5
10/01/2017,Tax,0.05,5
17/01/2017,Tax,0.04,4
24/01/2017,Tax,0.05,5
31/01/2017,Tax,0.05,5
13/02/2017,Tax,0.04,4
22/02/2017,Tax,0.06,6
28/02/2017,Tax,0.05,5
14/03/2017,Tax,0.07,7
21/03/2017,Tax,0.06,6
27/03/2017,Tax,0.05,5
06/04/2017,Tax,0.06,6
19/04/2017,Tax,0.05,5
26/04/2017,Tax,0.06,6
03/05/2017,Tax,0.05,5
10/05/2017,Tax,0.06,6
17/05/2017,Tax,0.06,6
31/05/2017,Tax,0.05,5
07/06/2017,Tax,0.03,3
22/06/2017,Tax,0.04,4
11/07/2017,Tax,0.05,5
01/08/2017,Tax,0.04,4
31/08/2017,Tax,0.04,4
12/09/2017,Tax,0.04,4
11/10/2017,Tax,0.03,3
28/11/2017,Tax,0.05,5
12/12/2017,Tax,0.05,5
20/12/2017,Tax,0.04,4
21/12/2017,Tax,0.05,5
15/01/2013,Pensions,0.22,22
29/01/2013,Pensions,0.17,17
12/02/2013,Pensions,0.18,18
26/02/2013,Pensions,0.16,16
05/03/2013,Pensions,0.18,18
12/03/2013,Pensions,0.19,19
19/03/2013,Pensions,0.18,18
26/03/2013,Pensions,0.17,17
02/04/2013,Pensions,0.17,17
09/04/2013,Pensions,0.15,15
16/04/2013,Pensions,0.14,14
23/04/2013,Pensions,0.17,17
30/04/2013,Pensions,0.16,16
07/05/2013,Pensions,0.15,15
21/05/2013,Pensions,0.16,16
04/06/2013,Pensions,0.15,15
18/06/2013,Pensions,0.11,11
16/07/2013,Pensions,0.11,11
30/07/2013,Pensions,0.13,13
13/08/2013,Pensions,0.11,11
27/08/2013,Pensions,0.14,14
10/09/2013,Pensions,0.14,14
08/10/2013,Pensions,0.15,15
22/10/2013,Pensions,0.14,14
05/11/2013,Pensions,0.15,15
19/11/2013,Pensions,0.15,15
03/12/2013,Pensions,0.14,14
17/12/2013,Pensions,0.18,18
14/01/2014,Pensions,0.13,13
22/01/2014,Pensions,0.16,16
28/01/2014,Pensions,0.15,15
11/02/2014,Pensions,0.14,14
25/02/2014,Pensions,0.16,16
11/03/2014,Pensions,0.12,12
25/03/2014,Pensions,0.14,14
08/04/2014,Pensions,0.14,14
13/05/2014,Pensions,0.13,13
28/05/2014,Pensions,0.12,12
10/06/2014,Pensions,0.12,12
24/06/2014,Pensions,0.12,12
08/07/2014,Pensions,0.13,13
22/07/2014,Pensions,0.12,12
05/08/2014,Pensions,0.13,13
19/08/2014,Pensions,0.12,12
02/09/2014,Pensions,0.1,10
16/09/2014,Pensions,0.12,12
14/10/2014,Pensions,0.12,12
28/10/2014,Pensions,0.11,11
11/11/2014,Pensions,0.11,11
25/11/2014,Pensions,0.11,11
09/12/2014,Pensions,0.12,12
06/01/2015,Pensions,0.08,8
20/01/2015,Pensions,0.1,10
03/02/2015,Pensions,0.11,11
17/02/2015,Pensions,0.1,10
03/03/2015,Pensions,0.11,11
17/03/2015,Pensions,0.09,9
31/03/2015,Pensions,0.11,11
14/04/2015,Pensions,0.09,9
28/04/2015,Pensions,0.09,9
12/05/2015,Pensions,0.08,8
19/05/2015,Pensions,0.08,8
26/05/2015,Pensions,0.09,9
02/06/2015,Pensions,0.08,8
09/06/2015,Pensions,0.07,7
04/09/2015,Pensions,0.08,8
18/12/2015,Pensions,0.07,7
08/06/2016,Pensions,0.08,8
06/07/2016,Pensions,0.07,7
26/07/2016,Pensions,0.07,7
02/08/2016,Pensions,0.09,9
09/08/2016,Pensions,0.08,8
17/08/2016,Pensions,0.08,8
23/08/2016,Pensions,0.08,8
31/08/2016,Pensions,0.09,9
14/09/2016,Pensions,0.1,10
12/10/2016,Pensions,0.08,8
25/10/2016,Pensions,0.09,9
01/11/2016,Pensions,0.1,10
15/11/2016,Pensions,0.1,10
29/11/2016,Pensions,0.09,9
17/12/2016,Pensions,0.08,8
10/01/2017,Pensions,0.07,7
17/01/2017,Pensions,0.08,8
24/01/2017,Pensions,0.07,7
31/01/2017,Pensions,0.08,8
13/02/2017,Pensions,0.08,8
22/02/2017,Pensions,0.1,10
28/02/2017,Pensions,0.09,9
14/03/2017,Pensions,0.09,9
21/03/2017,Pensions,0.09,9
27/03/2017,Pensions,0.09,9
06/04/2017,Pensions,0.09,9
19/04/2017,Pensions,0.07,7
26/04/2017,Pensions,0.08,8
03/05/2017,Pensions,0.1,10
10/05/2017,Pensions,0.09,9
17/05/2017,Pensions,0.08,8
31/05/2017,Pensions,0.08,8
07/06/2017,Pensions,0.07,7
22/06/2017,Pensions,0.06,6
11/07/2017,Pensions,0.06,6
01/08/2017,Pensions,0.07,7
31/08/2017,Pensions,0.07,7
12/09/2017,Pensions,0.07,7
11/10/2017,Pensions,0.08,8
28/11/2017,Pensions,0.1,10
12/12/2017,Pensions,0.06,6
20/12/2017,Pensions,0.07,7
21/12/2017,Pensions,0.08,8
15/01/2013,Education,0.13,13
29/01/2013,Education,0.14,14
12/02/2013,Education,0.14,14
26/02/2013,Education,0.14,14
05/03/2013,Education,0.13,13
12/03/2013,Education,0.13,13
19/03/2013,Education,0.13,13
26/03/2013,Education,0.13,13
02/04/2013,Education,0.15,15
09/04/2013,Education,0.13,13
16/04/2013,Education,0.13,13
23/04/2013,Education,0.16,16
30/04/2013,Education,0.15,15
07/05/2013,Education,0.14,14
21/05/2013,Education,0.15,15
04/06/2013,Education,0.14,14
18/06/2013,Education,0.14,14
16/07/2013,Education,0.13,13
30/07/2013,Education,0.13,13
13/08/2013,Education,0.12,12
27/08/2013,Education,0.13,13
10/09/2013,Education,0.12,12
08/10/2013,Education,0.14,14
22/10/2013,Education,0.15,15
05/11/2013,Education,0.14,14
19/11/2013,Education,0.13,13
03/12/2013,Education,0.14,14
17/12/2013,Education,0.15,15
14/01/2014,Education,0.12,12
22/01/2014,Education,0.14,14
28/01/2014,Education,0.13,13
11/02/2014,Education,0.15,15
25/02/2014,Education,0.14,14
11/03/2014,Education,0.15,15
25/03/2014,Education,0.17,17
08/04/2014,Education,0.15,15
13/05/2014,Education,0.17,17
28/05/2014,Education,0.16,16
10/06/2014,Education,0.17,17
24/06/2014,Education,0.16,16
08/07/2014,Education,0.15,15
22/07/2014,Education,0.15,15
05/08/2014,Education,0.16,16
19/08/2014,Education,0.15,15
02/09/2014,Education,0.15,15
16/09/2014,Education,0.16,16
14/10/2014,Education,0.15,15
28/10/2014,Education,0.12,12
11/11/2014,Education,0.13,13
25/11/2014,Education,0.13,13
09/12/2014,Education,0.13,13
06/01/2015,Education,0.15,15
20/01/2015,Education,0.14,14
03/02/2015,Education,0.18,18
17/02/2015,Education,0.14,14
03/03/2015,Education,0.16,16
17/03/2015,Education,0.16,16
31/03/2015,Education,0.16,16
14/04/2015,Education,0.17,17
28/04/2015,Education,0.17,17
12/05/2015,Education,0.15,15
19/05/2015,Education,0.15,15
26/05/2015,Education,0.16,16
02/06/2015,Education,0.14,14
09/06/2015,Education,0.15,15
04/09/2015,Education,0.12,12
18/12/2015,Education,0.11,11
08/06/2016,Education,0.15,15
06/07/2016,Education,0.12,12
26/07/2016,Education,0.11,11
02/08/2016,Education,0.11,11
09/08/2016,Education,0.12,12
17/08/2016,Education,0.14,14
23/08/2016,Education,0.13,13
31/08/2016,Education,0.14,14
14/09/2016,Education,0.14,14
12/10/2016,Education,0.11,11
25/10/2016,Education,0.11,11
01/11/2016,Education,0.12,12
15/11/2016,Education,0.12,12
29/11/2016,Education,0.1,10
17/12/2016,Education,0.11,11
10/01/2017,Education,0.11,11
17/01/2017,Education,0.11,11
24/01/2017,Education,0.12,12
31/01/2017,Education,0.11,11
13/02/2017,Education,0.12,12
22/02/2017,Education,0.13,13
28/02/2017,Education,0.13,13
14/03/2017,Education,0.15,15
21/03/2017,Education,0.17,17
27/03/2017,Education,0.15,15
06/04/2017,Education,0.14,14
19/04/2017,Education,0.15,15
26/04/2017,Education,0.16,16
03/05/2017,Education,0.19,19
10/05/2017,Education,0.16,16
17/05/2017,Education,0.18,18
31/05/2017,Education,0.17,17
07/06/2017,Education,0.14,14
22/06/2017,Education,0.15,15
11/07/2017,Education,0.16,16
01/08/2017,Education,0.13,13
31/08/2017,Education,0.14,14
12/09/2017,Education,0.14,14
11/10/2017,Education,0.15,15
28/11/2017,Education,0.12,12
12/12/2017,Education,0.14,14
20/12/2017,Education,0.11,11
21/12/2017,Education,0.15,15
15/01/2013,Family life & childcare,0.11,11
29/01/2013,Family life & childcare,0.1,10
12/02/2013,Family life & childcare,0.09,9
26/02/2013,Family life & childcare,0.09,9
05/03/2013,Family life & childcare,0.09,9
12/03/2013,Family life & childcare,0.11,11
19/03/2013,Family life & childcare,0.11,11
26/03/2013,Family life & childcare,0.09,9
02/04/2013,Family life & childcare,0.13,13
09/04/2013,Family life & childcare,0.1,10
16/04/2013,Family life & childcare,0.14,14
23/04/2013,Family life & childcare,0.09,9
30/04/2013,Family life & childcare,0.1,10
07/05/2013,Family life & childcare,0.09,9
21/05/2013,Family life & childcare,0.1,10
04/06/2013,Family life & childcare,0.09,9
18/06/2013,Family life & childcare,0.06,6
16/07/2013,Family life & childcare,0.06,6
30/07/2013,Family life & childcare,0.06,6
13/08/2013,Family life & childcare,0.06,6
27/08/2013,Family life & childcare,0.06,6
10/09/2013,Family life & childcare,0.06,6
08/10/2013,Family life & childcare,0.07,7
22/10/2013,Family life & childcare,0.07,7
05/11/2013,Family life & childcare,0.07,7
19/11/2013,Family life & childcare,0.07,7
03/12/2013,Family life & childcare,0.07,7
17/12/2013,Family life & childcare,0.07,7
14/01/2014,Family life & childcare,0.05,5
22/01/2014,Family life & childcare,0.06,6
28/01/2014,Family life & childcare,0.06,6
11/02/2014,Family life & childcare,0.06,6
25/02/2014,Family life & childcare,0.06,6
11/03/2014,Family life & childcare,0.07,7
25/03/2014,Family life & childcare,0.06,6
08/04/2014,Family life & childcare,0.07,7
13/05/2014,Family life & childcare,0.07,7
28/05/2014,Family life & childcare,0.06,6
10/06/2014,Family life & childcare,0.06,6
24/06/2014,Family life & childcare,0.05,5
08/07/2014,Family life & childcare,0.07,7
22/07/2014,Family life & childcare,0.06,6
05/08/2014,Family life & childcare,0.05,5
19/08/2014,Family life & childcare,0.08,8
02/09/2014,Family life & childcare,0.06,6
16/09/2014,Family life & childcare,0.06,6
14/10/2014,Family life & childcare,0.05,5
28/10/2014,Family life & childcare,0.05,5
11/11/2014,Family life & childcare,0.06,6
25/11/2014,Family life & childcare,0.06,6
09/12/2014,Family life & childcare,0.08,8
06/01/2015,Family life & childcare,0.06,6
20/01/2015,Family life & childcare,0.06,6
03/02/2015,Family life & childcare,0.07,7
17/02/2015,Family life & childcare,0.07,7
03/03/2015,Family life & childcare,0.07,7
17/03/2015,Family life & childcare,0.07,7
31/03/2015,Family life & childcare,0.08,8
14/04/2015,Family life & childcare,0.07,7
28/04/2015,Family life & childcare,0.07,7
12/05/2015,Family life & childcare,0.07,7
19/05/2015,Family life & childcare,0.06,6
26/05/2015,Family life & childcare,0.07,7
02/06/2015,Family life & childcare,0.06,6
09/06/2015,Family life & childcare,0.06,6
04/09/2015,Family life & childcare,0.05,5
18/12/2015,Family life & childcare,0.05,5
08/06/2016,Family life & childcare,0.04,4
06/07/2016,Family life & childcare,0.04,4
26/07/2016,Family life & childcare,0.04,4
02/08/2016,Family life & childcare,0.04,4
09/08/2016,Family life & childcare,0.04,4
17/08/2016,Family life & childcare,0.04,4
23/08/2016,Family life & childcare,0.05,5
31/08/2016,Family life & childcare,0.04,4
14/09/2016,Family life & childcare,0.03,3
12/10/2016,Family life & childcare,0.04,4
25/10/2016,Family life & childcare,0.04,4
01/11/2016,Family life & childcare,0.05,5
15/11/2016,Family life & childcare,0.04,4
29/11/2016,Family life & childcare,0.06,6
17/12/2016,Family life & childcare,0.04,4
10/01/2017,Family life & childcare,0.03,3
17/01/2017,Family life & childcare,0.04,4
24/01/2017,Family life & childcare,0.04,4
31/01/2017,Family life & childcare,0.04,4
13/02/2017,Family life & childcare,0.05,5
22/02/2017,Family life & childcare,0.05,5
28/02/2017,Family life & childcare,0.04,4
14/03/2017,Family life & childcare,0.04,4
21/03/2017,Family life & childcare,0.04,4
27/03/2017,Family life & childcare,0.04,4
06/04/2017,Family life & childcare,0.04,4
19/04/2017,Family life & childcare,0.05,5
26/04/2017,Family life & childcare,0.05,5
03/05/2017,Family life & childcare,0.05,5
10/05/2017,Family life & childcare,0.05,5
17/05/2017,Family life & childcare,0.04,4
31/05/2017,Family life & childcare,0.04,4
07/06/2017,Family life & childcare,0.03,3
22/06/2017,Family life & childcare,0.04,4
11/07/2017,Family life & childcare,0.04,4
01/08/2017,Family life & childcare,0.04,4
31/08/2017,Family life & childcare,0.05,5
12/09/2017,Family life & childcare,0.05,5
11/10/2017,Family life & childcare,0.04,4
28/11/2017,Family life & childcare,0.03,3
12/12/2017,Family life & childcare,0.05,5
20/12/2017,Family life & childcare,0.05,5
21/12/2017,Family life & childcare,0.06,6
15/01/2013,Housing,0,0
29/01/2013,Housing,0,0
12/02/2013,Housing,0,0
26/02/2013,Housing,0,0
05/03/2013,Housing,0,0
12/03/2013,Housing,0,0
19/03/2013,Housing,0,0
26/03/2013,Housing,0,0
02/04/2013,Housing,0,0
09/04/2013,Housing,0,0
16/04/2013,Housing,0,0
23/04/2013,Housing,0,0
30/04/2013,Housing,0,0
07/05/2013,Housing,0,0
21/05/2013,Housing,0,0
04/06/2013,Housing,0,0
18/06/2013,Housing,0.13,13
16/07/2013,Housing,0.16,16
30/07/2013,Housing,0.16,16
13/08/2013,Housing,0.16,16
27/08/2013,Housing,0.17,17
10/09/2013,Housing,0.16,16
08/10/2013,Housing,0.17,17
22/10/2013,Housing,0.17,17
05/11/2013,Housing,0.15,15
19/11/2013,Housing,0.15,15
03/12/2013,Housing,0.16,16
17/12/2013,Housing,0.16,16
14/01/2014,Housing,0.16,16
22/01/2014,Housing,0.16,16
28/01/2014,Housing,0.14,14
11/02/2014,Housing,0.17,17
25/02/2014,Housing,0.17,17
11/03/2014,Housing,0.16,16
25/03/2014,Housing,0.15,15
08/04/2014,Housing,0.18,18
13/05/2014,Housing,0.2,20
28/05/2014,Housing,0.2,20
10/06/2014,Housing,0.21,21
24/06/2014,Housing,0.2,20
08/07/2014,Housing,0.2,20
22/07/2014,Housing,0.21,21
05/08/2014,Housing,0.19,19
19/08/2014,Housing,0.19,19
02/09/2014,Housing,0.19,19
16/09/2014,Housing,0.19,19
14/10/2014,Housing,0.17,17
28/10/2014,Housing,0.16,16
11/11/2014,Housing,0.16,16
25/11/2014,Housing,0.18,18
09/12/2014,Housing,0.2,20
06/01/2015,Housing,0.19,19
20/01/2015,Housing,0.17,17
03/02/2015,Housing,0.17,17
17/02/2015,Housing,0.19,19
03/03/2015,Housing,0.22,22
17/03/2015,Housing,0.23,23
31/03/2015,Housing,0.21,21
14/04/2015,Housing,0.21,21
28/04/2015,Housing,0.27,27
12/05/2015,Housing,0.19,19
19/05/2015,Housing,0.2,20
26/05/2015,Housing,0.21,21
02/06/2015,Housing,0.21,21
09/06/2015,Housing,0.19,19
04/09/2015,Housing,0.19,19
18/12/2015,Housing,0.26,26
08/06/2016,Housing,0.22,22
06/07/2016,Housing,0.19,19
26/07/2016,Housing,0.17,17
02/08/2016,Housing,0.17,17
09/08/2016,Housing,0.2,20
17/08/2016,Housing,0.22,22
23/08/2016,Housing,0.2,20
31/08/2016,Housing,0.23,23
14/09/2016,Housing,0.19,19
12/10/2016,Housing,0.18,18
25/10/2016,Housing,0.18,18
01/11/2016,Housing,0.18,18
15/11/2016,Housing,0.17,17
29/11/2016,Housing,0.2,20
17/12/2016,Housing,0.17,17
10/01/2017,Housing,0.19,19
17/01/2017,Housing,0.19,19
24/01/2017,Housing,0.19,19
31/01/2017,Housing,0.18,18
13/02/2017,Housing,0.2,20
22/02/2017,Housing,0.2,20
28/02/2017,Housing,0.2,20
14/03/2017,Housing,0.18,18
21/03/2017,Housing,0.19,19
27/03/2017,Housing,0.18,18
06/04/2017,Housing,0.18,18
19/04/2017,Housing,0.15,15
26/04/2017,Housing,0.16,16
03/05/2017,Housing,0.17,17
10/05/2017,Housing,0.15,15
17/05/2017,Housing,0.16,16
31/05/2017,Housing,0.14,14
07/06/2017,Housing,0.1,10
22/06/2017,Housing,0.15,15
11/07/2017,Housing,0.16,16
01/08/2017,Housing,0.18,18
31/08/2017,Housing,0.15,15
12/09/2017,Housing,0.16,16
11/10/2017,Housing,0.19,19
28/11/2017,Housing,0.19,19
12/12/2017,Housing,0.2,20
20/12/2017,Housing,0.22,22
21/12/2017,Housing,0.23,23
15/01/2013,The environment,0.08,8
29/01/2013,The environment,0.09,9
12/02/2013,The environment,0.09,9
26/02/2013,The environment,0.06,6
05/03/2013,The environment,0.07,7
12/03/2013,The environment,0.07,7
19/03/2013,The environment,0.07,7
26/03/2013,The environment,0.1,10
02/04/2013,The environment,0.07,7
09/04/2013,The environment,0.07,7
16/04/2013,The environment,0.07,7
23/04/2013,The environment,0.08,8
30/04/2013,The environment,0.09,9
07/05/2013,The environment,0.1,10
21/05/2013,The environment,0.08,8
04/06/2013,The environment,0.09,9
18/06/2013,The environment,0.06,6
16/07/2013,The environment,0.06,6
30/07/2013,The environment,0.05,5
13/08/2013,The environment,0.06,6
27/08/2013,The environment,0.08,8
10/09/2013,The environment,0.06,6
08/10/2013,The environment,0.08,8
22/10/2013,The environment,0.07,7
05/11/2013,The environment,0.07,7
19/11/2013,The environment,0.08,8
03/12/2013,The environment,0.08,8
17/12/2013,The environment,0.06,6
14/01/2014,The environment,0.06,6
22/01/2014,The environment,0.08,8
28/01/2014,The environment,0.09,9
11/02/2014,The environment,0.23,23
25/02/2014,The environment,0.13,13
11/03/2014,The environment,0.11,11
25/03/2014,The environment,0.1,10
08/04/2014,The environment,0.11,11
13/05/2014,The environment,0.1,10
28/05/2014,The environment,0.09,9
10/06/2014,The environment,0.08,8
24/06/2014,The environment,0.08,8
08/07/2014,The environment,0.09,9
22/07/2014,The environment,0.09,9
05/08/2014,The environment,0.1,10
19/08/2014,The environment,0.09,9
02/09/2014,The environment,0.09,9
16/09/2014,The environment,0.1,10
14/10/2014,The environment,0.08,8
28/10/2014,The environment,0.09,9
11/11/2014,The environment,0.09,9
25/11/2014,The environment,0.11,11
09/12/2014,The environment,0.1,10
06/01/2015,The environment,0.09,9
20/01/2015,The environment,0.09,9
03/02/2015,The environment,0.07,7
17/02/2015,The environment,0.1,10
03/03/2015,The environment,0.08,8
17/03/2015,The environment,0.09,9
31/03/2015,The environment,0.09,9
14/04/2015,The environment,0.09,9
28/04/2015,The environment,0.09,9
12/05/2015,The environment,0.09,9
19/05/2015,The environment,0.1,10
26/05/2015,The environment,0.09,9
02/06/2015,The environment,0.08,8
09/06/2015,The environment,0.1,10
04/09/2015,The environment,0.11,11
18/12/2015,The environment,0.12,12
08/06/2016,The environment,0.09,9
06/07/2016,The environment,0.07,7
26/07/2016,The environment,0.1,10
02/08/2016,The environment,0.08,8
09/08/2016,The environment,0.08,8
17/08/2016,The environment,0.08,8
23/08/2016,The environment,0.09,9
31/08/2016,The environment,0.08,8
14/09/2016,The environment,0.08,8
12/10/2016,The environment,0.09,9
25/10/2016,The environment,0.09,9
01/11/2016,The environment,0.09,9
15/11/2016,The environment,0.11,11
29/11/2016,The environment,0.11,11
17/12/2016,The environment,0.08,8
10/01/2017,The environment,0.09,9
17/01/2017,The environment,0.08,8
24/01/2017,The environment,0.1,10
31/01/2017,The environment,0.09,9
13/02/2017,The environment,0.1,10
22/02/2017,The environment,0.1,10
28/02/2017,The environment,0.1,10
14/03/2017,The environment,0.09,9
21/03/2017,The environment,0.09,9
27/03/2017,The environment,0.09,9
06/04/2017,The environment,0.11,11
19/04/2017,The environment,0.1,10
26/04/2017,The environment,0.08,8
03/05/2017,The environment,0.08,8
10/05/2017,The environment,0.1,10
17/05/2017,The environment,0.08,8
31/05/2017,The environment,0.07,7
07/06/2017,The environment,0.07,7
22/06/2017,The environment,0.07,7
11/07/2017,The environment,0.09,9
01/08/2017,The environment,0.09,9
31/08/2017,The environment,0.09,9
12/09/2017,The environment,0.11,11
11/10/2017,The environment,0.09,9
28/11/2017,The environment,0.09,9
12/12/2017,The environment,0.11,11
20/12/2017,The environment,0.09,9
21/12/2017,The environment,0.11,11
15/01/2013,Britain leaving the EU,0.21,21
29/01/2013,Britain leaving the EU,0.25,25
12/02/2013,Britain leaving the EU,0.2,20
26/02/2013,Britain leaving the EU,0.2,20
05/03/2013,Britain leaving the EU,0.2,20
12/03/2013,Britain leaving the EU,0.19,19
19/03/2013,Britain leaving the EU,0.2,20
26/03/2013,Britain leaving the EU,0.2,20
02/04/2013,Britain leaving the EU,0.17,17
09/04/2013,Britain leaving the EU,0.21,21
16/04/2013,Britain leaving the EU,0.2,20
23/04/2013,Britain leaving the EU,0.18,18
30/04/2013,Britain leaving the EU,0.21,21
07/05/2013,Britain leaving the EU,0.22,22
21/05/2013,Britain leaving the EU,0.27,27
04/06/2013,Britain leaving the EU,0.22,22
18/06/2013,Britain leaving the EU,0.13,13
16/07/2013,Britain leaving the EU,0.14,14
30/07/2013,Britain leaving the EU,0.12,12
13/08/2013,Britain leaving the EU,0.13,13
27/08/2013,Britain leaving the EU,0.13,13
10/09/2013,Britain leaving the EU,0.11,11
08/10/2013,Britain leaving the EU,0.1,10
22/10/2013,Britain leaving the EU,0.11,11
05/11/2013,Britain leaving the EU,0.13,13
19/11/2013,Britain leaving the EU,0.12,12
03/12/2013,Britain leaving the EU,0.12,12
17/12/2013,Britain leaving the EU,0.11,11
14/01/2014,Britain leaving the EU,0.14,14
22/01/2014,Britain leaving the EU,0.13,13
28/01/2014,Britain leaving the EU,0.13,13
11/02/2014,Britain leaving the EU,0.11,11
25/02/2014,Britain leaving the EU,0.12,12
11/03/2014,Britain leaving the EU,0.17,17
25/03/2014,Britain leaving the EU,0.13,13
08/04/2014,Britain leaving the EU,0.17,17
13/05/2014,Britain leaving the EU,0.14,14
28/05/2014,Britain leaving the EU,0.23,23
10/06/2014,Britain leaving the EU,0.18,18
24/06/2014,Britain leaving the EU,0.17,17
08/07/2014,Britain leaving the EU,0.17,17
22/07/2014,Britain leaving the EU,0.21,21
05/08/2014,Britain leaving the EU,0.16,16
19/08/2014,Britain leaving the EU,0.17,17
02/09/2014,Britain leaving the EU,0.19,19
16/09/2014,Britain leaving the EU,0.17,17
14/10/2014,Britain leaving the EU,0.15,15
28/10/2014,Britain leaving the EU,0.25,25
11/11/2014,Britain leaving the EU,0.24,24
25/11/2014,Britain leaving the EU,0.25,25
09/12/2014,Britain leaving the EU,0.2,20
06/01/2015,Britain leaving the EU,0.19,19
20/01/2015,Britain leaving the EU,0.18,18
03/02/2015,Britain leaving the EU,0.17,17
17/02/2015,Britain leaving the EU,0.2,20
03/03/2015,Britain leaving the EU,0.17,17
17/03/2015,Britain leaving the EU,0.17,17
31/03/2015,Britain leaving the EU,0.15,15
14/04/2015,Britain leaving the EU,0.16,16
28/04/2015,Britain leaving the EU,0.15,15
12/05/2015,Britain leaving the EU,0.24,24
19/05/2015,Britain leaving the EU,0.22,22
26/05/2015,Britain leaving the EU,0.26,26
02/06/2015,Britain leaving the EU,0.27,27
09/06/2015,Britain leaving the EU,0.29,29
04/09/2015,Britain leaving the EU,0.22,22
18/12/2015,Britain leaving the EU,0.27,27
08/06/2016,Britain leaving the EU,0.19,19
06/07/2016,Britain leaving the EU,0.41,41
26/07/2016,Britain leaving the EU,0.65,65
02/08/2016,Britain leaving the EU,0.6,60
09/08/2016,Britain leaving the EU,0.56,56
17/08/2016,Britain leaving the EU,0.57,57
23/08/2016,Britain leaving the EU,0.56,56
31/08/2016,Britain leaving the EU,0.57,57
14/09/2016,Britain leaving the EU,0.57,57
12/10/2016,Britain leaving the EU,0.57,57
25/10/2016,Britain leaving the EU,0.63,63
01/11/2016,Britain leaving the EU,0.64,64
15/11/2016,Britain leaving the EU,0.61,61
29/11/2016,Britain leaving the EU,0.6,60
17/12/2016,Britain leaving the EU,0.6,60
10/01/2017,Britain leaving the EU,0.62,62
17/01/2017,Britain leaving the EU,0.6,60
24/01/2017,Britain leaving the EU,0.61,61
31/01/2017,Britain leaving the EU,0.64,64
13/02/2017,Britain leaving the EU,0.59,59
22/02/2017,Britain leaving the EU,0.62,62
28/02/2017,Britain leaving the EU,0.62,62
14/03/2017,Britain leaving the EU,0.62,62
21/03/2017,Britain leaving the EU,0.62,62
27/03/2017,Britain leaving the EU,0.64,64
06/04/2017,Britain leaving the EU,0.63,63
19/04/2017,Britain leaving the EU,0.68,68
26/04/2017,Britain leaving the EU,0.64,64
03/05/2017,Britain leaving the EU,0.64,64
10/05/2017,Britain leaving the EU,0.63,63
17/05/2017,Britain leaving the EU,0.62,62
31/05/2017,Britain leaving the EU,0.56,56
07/06/2017,Britain leaving the EU,0.57,57
22/06/2017,Britain leaving the EU,0.64,64
11/07/2017,Britain leaving the EU,0.64,64
01/08/2017,Britain leaving the EU,0.65,65
31/08/2017,Britain leaving the EU,0.61,61
12/09/2017,Britain leaving the EU,0.66,66
11/10/2017,Britain leaving the EU,0.65,65
28/11/2017,Britain leaving the EU,0.58,58
12/12/2017,Britain leaving the EU,0.63,63
20/12/2017,Britain leaving the EU,0.65,65
21/12/2017,Britain leaving the EU,0.56,56
15/01/2013,Transport,0.05,5
29/01/2013,Transport,0.04,4
12/02/2013,Transport,0.03,3
26/02/2013,Transport,0.04,4
05/03/2013,Transport,0.03,3
12/03/2013,Transport,0.03,3
19/03/2013,Transport,0.03,3
26/03/2013,Transport,0.03,3
02/04/2013,Transport,0.03,3
09/04/2013,Transport,0.03,3
16/04/2013,Transport,0.03,3
23/04/2013,Transport,0.04,4
30/04/2013,Transport,0.03,3
07/05/2013,Transport,0.03,3
21/05/2013,Transport,0.03,3
04/06/2013,Transport,0.02,2
18/06/2013,Transport,0.02,2
16/07/2013,Transport,0.02,2
30/07/2013,Transport,0.03,3
13/08/2013,Transport,0.03,3
27/08/2013,Transport,0.03,3
10/09/2013,Transport,0.03,3
08/10/2013,Transport,0.03,3
22/10/2013,Transport,0.03,3
05/11/2013,Transport,0.04,4
19/11/2013,Transport,0.02,2
03/12/2013,Transport,0.03,3
17/12/2013,Transport,0.03,3
14/01/2014,Transport,0.03,3
22/01/2014,Transport,0.03,3
28/01/2014,Transport,0.03,3
11/02/2014,Transport,0.04,4
25/02/2014,Transport,0.03,3
11/03/2014,Transport,0.02,2
25/03/2014,Transport,0.03,3
08/04/2014,Transport,0.03,3
13/05/2014,Transport,0.03,3
28/05/2014,Transport,0.02,2
10/06/2014,Transport,0.02,2
24/06/2014,Transport,0.02,2
08/07/2014,Transport,0.03,3
22/07/2014,Transport,0.02,2
05/08/2014,Transport,0.03,3
19/08/2014,Transport,0.02,2
02/09/2014,Transport,0.03,3
16/09/2014,Transport,0.02,2
14/10/2014,Transport,0.03,3
28/10/2014,Transport,0.02,2
11/11/2014,Transport,0.03,3
25/11/2014,Transport,0.03,3
09/12/2014,Transport,0.03,3
06/01/2015,Transport,0.03,3
20/01/2015,Transport,0.03,3
03/02/2015,Transport,0.03,3
17/02/2015,Transport,0.04,4
03/03/2015,Transport,0.03,3
17/03/2015,Transport,0.02,2
31/03/2015,Transport,0.03,3
14/04/2015,Transport,0.03,3
28/04/2015,Transport,0.03,3
12/05/2015,Transport,0.03,3
19/05/2015,Transport,0.02,2
26/05/2015,Transport,0.02,2
02/06/2015,Transport,0.02,2
09/06/2015,Transport,0.02,2
04/09/2015,Transport,0.02,2
18/12/2015,Transport,0.03,3
08/06/2016,Transport,0.02,2
06/07/2016,Transport,0.02,2
26/07/2016,Transport,0.02,2
02/08/2016,Transport,0.03,3
09/08/2016,Transport,0.02,2
17/08/2016,Transport,0.04,4
23/08/2016,Transport,0.03,3
31/08/2016,Transport,0.02,2
14/09/2016,Transport,0.03,3
12/10/2016,Transport,0.02,2
25/10/2016,Transport,0.01,1
01/11/2016,Transport,0.02,2
15/11/2016,Transport,0.02,2
29/11/2016,Transport,0.03,3
17/12/2016,Transport,0.03,3
10/01/2017,Transport,0.03,3
17/01/2017,Transport,0.03,3
24/01/2017,Transport,0.04,4
31/01/2017,Transport,0.03,3
13/02/2017,Transport,0.02,2
22/02/2017,Transport,0.03,3
28/02/2017,Transport,0.02,2
14/03/2017,Transport,0.03,3
21/03/2017,Transport,0.03,3
27/03/2017,Transport,0.02,2
06/04/2017,Transport,0.03,3
19/04/2017,Transport,0.02,2
26/04/2017,Transport,0.03,3
03/05/2017,Transport,0.02,2
10/05/2017,Transport,0.02,2
17/05/2017,Transport,0.02,2
31/05/2017,Transport,0.01,1
07/06/2017,Transport,0.01,1
22/06/2017,Transport,0.01,1
11/07/2017,Transport,0.02,2
01/08/2017,Transport,0.02,2
31/08/2017,Transport,0.02,2
12/09/2017,Transport,0.01,1
11/10/2017,Transport,0.02,2
28/11/2017,Transport,0.02,2
12/12/2017,Transport,0.03,3
20/12/2017,Transport,0.02,2
21/12/2017,Transport,0.03,3
15/01/2013,Welfare benefits,0,0
29/01/2013,Welfare benefits,0,0
12/02/2013,Welfare benefits,0,0
26/02/2013,Welfare benefits,0,0
05/03/2013,Welfare benefits,0,0
12/03/2013,Welfare benefits,0,0
19/03/2013,Welfare benefits,0,0
26/03/2013,Welfare benefits,0,0
02/04/2013,Welfare benefits,0,0
09/04/2013,Welfare benefits,0,0
16/04/2013,Welfare benefits,0,0
23/04/2013,Welfare benefits,0,0
30/04/2013,Welfare benefits,0,0
07/05/2013,Welfare benefits,0,0
21/05/2013,Welfare benefits,0,0
04/06/2013,Welfare benefits,0,0
18/06/2013,Welfare benefits,0.28,28
16/07/2013,Welfare benefits,0.3,30
30/07/2013,Welfare benefits,0.28,28
13/08/2013,Welfare benefits,0.29,29
27/08/2013,Welfare benefits,0.3,30
10/09/2013,Welfare benefits,0.27,27
08/10/2013,Welfare benefits,0.29,29
22/10/2013,Welfare benefits,0.31,31
05/11/2013,Welfare benefits,0.3,30
19/11/2013,Welfare benefits,0.29,29
03/12/2013,Welfare benefits,0.29,29
17/12/2013,Welfare benefits,0.25,25
14/01/2014,Welfare benefits,0.3,30
22/01/2014,Welfare benefits,0.32,32
28/01/2014,Welfare benefits,0.31,31
11/02/2014,Welfare benefits,0.25,25
25/02/2014,Welfare benefits,0.3,30
11/03/2014,Welfare benefits,0.28,28
25/03/2014,Welfare benefits,0.27,27
08/04/2014,Welfare benefits,0.28,28
13/05/2014,Welfare benefits,0.26,26
28/05/2014,Welfare benefits,0.25,25
10/06/2014,Welfare benefits,0.23,23
24/06/2014,Welfare benefits,0.28,28
08/07/2014,Welfare benefits,0.25,25
22/07/2014,Welfare benefits,0.26,26
05/08/2014,Welfare benefits,0.27,27
19/08/2014,Welfare benefits,0.23,23
02/09/2014,Welfare benefits,0.24,24
16/09/2014,Welfare benefits,0.26,26
14/10/2014,Welfare benefits,0.24,24
28/10/2014,Welfare benefits,0.21,21
11/11/2014,Welfare benefits,0.23,23
25/11/2014,Welfare benefits,0.28,28
09/12/2014,Welfare benefits,0.3,30
06/01/2015,Welfare benefits,0.28,28
20/01/2015,Welfare benefits,0.27,27
03/02/2015,Welfare benefits,0.27,27
17/02/2015,Welfare benefits,0.27,27
03/03/2015,Welfare benefits,0.3,30
17/03/2015,Welfare benefits,0.27,27
31/03/2015,Welfare benefits,0.32,32
14/04/2015,Welfare benefits,0.25,25
28/04/2015,Welfare benefits,0.25,25
12/05/2015,Welfare benefits,0.28,28
19/05/2015,Welfare benefits,0.29,29
26/05/2015,Welfare benefits,0.29,29
02/06/2015,Welfare benefits,0.31,31
09/06/2015,Welfare benefits,0.27,27
04/09/2015,Welfare benefits,0.29,29
18/12/2015,Welfare benefits,0.3,30
08/06/2016,Welfare benefits,0.17,17
06/07/2016,Welfare benefits,0.16,16
26/07/2016,Welfare benefits,0.13,13
02/08/2016,Welfare benefits,0.13,13
09/08/2016,Welfare benefits,0.13,13
17/08/2016,Welfare benefits,0.13,13
23/08/2016,Welfare benefits,0.17,17
31/08/2016,Welfare benefits,0.15,15
14/09/2016,Welfare benefits,0.15,15
12/10/2016,Welfare benefits,0.12,12
25/10/2016,Welfare benefits,0.15,15
01/11/2016,Welfare benefits,0.15,15
15/11/2016,Welfare benefits,0.16,16
29/11/2016,Welfare benefits,0.17,17
17/12/2016,Welfare benefits,0.15,15
10/01/2017,Welfare benefits,0.14,14
17/01/2017,Welfare benefits,0.14,14
24/01/2017,Welfare benefits,0.14,14
31/01/2017,Welfare benefits,0.13,13
13/02/2017,Welfare benefits,0.15,15
22/02/2017,Welfare benefits,0.13,13
28/02/2017,Welfare benefits,0.16,16
14/03/2017,Welfare benefits,0.15,15
21/03/2017,Welfare benefits,0.15,15
27/03/2017,Welfare benefits,0.15,15
06/04/2017,Welfare benefits,0.17,17
19/04/2017,Welfare benefits,0.15,15
26/04/2017,Welfare benefits,0.15,15
03/05/2017,Welfare benefits,0.15,15
10/05/2017,Welfare benefits,0.14,14
17/05/2017,Welfare benefits,0.14,14
31/05/2017,Welfare benefits,0.12,12
07/06/2017,Welfare benefits,0.1,10
22/06/2017,Welfare benefits,0.12,12
11/07/2017,Welfare benefits,0.14,14
01/08/2017,Welfare benefits,0.12,12
31/08/2017,Welfare benefits,0.12,12
12/09/2017,Welfare benefits,0.13,13
11/10/2017,Welfare benefits,0.12,12
28/11/2017,Welfare benefits,0.13,13
12/12/2017,Welfare benefits,0.15,15
20/12/2017,Welfare benefits,0.17,17
21/12/2017,Welfare benefits,0.12,12
15/01/2013,Defence and security,0,0
29/01/2013,Defence and security,0,0
12/02/2013,Defence and security,0,0
26/02/2013,Defence and security,0,0
05/03/2013,Defence and security,0,0
12/03/2013,Defence and security,0,0
19/03/2013,Defence and security,0,0
26/03/2013,Defence and security,0,0
02/04/2013,Defence and security,0,0
09/04/2013,Defence and security,0,0
16/04/2013,Defence and security,0,0
23/04/2013,Defence and security,0,0
30/04/2013,Defence and security,0,0
07/05/2013,Defence and security,0,0
21/05/2013,Defence and security,0,0
04/06/2013,Defence and security,0,0
18/06/2013,Defence and security,0,0
16/07/2013,Defence and security,0,0
30/07/2013,Defence and security,0,0
13/08/2013,Defence and security,0,0
27/08/2013,Defence and security,0,0
10/09/2013,Defence and security,0,0
08/10/2013,Defence and security,0,0
22/10/2013,Defence and security,0,0
05/11/2013,Defence and security,0,0
19/11/2013,Defence and security,0,0
03/12/2013,Defence and security,0,0
17/12/2013,Defence and security,0,0
14/01/2014,Defence and security,0,0
22/01/2014,Defence and security,0,0
28/01/2014,Defence and security,0,0
11/02/2014,Defence and security,0,0
25/02/2014,Defence and security,0,0
11/03/2014,Defence and security,0,0
25/03/2014,Defence and security,0,0
08/04/2014,Defence and security,0,0
13/05/2014,Defence and security,0,0
28/05/2014,Defence and security,0,0
10/06/2014,Defence and security,0,0
24/06/2014,Defence and security,0,0
08/07/2014,Defence and security,0,0
22/07/2014,Defence and security,0,0
05/08/2014,Defence and security,0,0
19/08/2014,Defence and security,0,0
02/09/2014,Defence and security,0,0
16/09/2014,Defence and security,0,0
14/10/2014,Defence and security,0,0
28/10/2014,Defence and security,0,0
11/11/2014,Defence and security,0,0
25/11/2014,Defence and security,0,0
09/12/2014,Defence and security,0,0
06/01/2015,Defence and security,0,0
20/01/2015,Defence and security,0,0
03/02/2015,Defence and security,0,0
17/02/2015,Defence and security,0,0
03/03/2015,Defence and security,0,0
17/03/2015,Defence and security,0,0
31/03/2015,Defence and security,0,0
14/04/2015,Defence and security,0,0
28/04/2015,Defence and security,0,0
12/05/2015,Defence and security,0,0
19/05/2015,Defence and security,0,0
26/05/2015,Defence and security,0,0
02/06/2015,Defence and security,0,0
09/06/2015,Defence and security,0,0
04/09/2015,Defence and security,0,0
18/12/2015,Defence and security,0,0
08/06/2016,Defence and security,0,0
06/07/2016,Defence and security,0,0
26/07/2016,Defence and security,0,0
02/08/2016,Defence and security,0,0
09/08/2016,Defence and security,0,0
17/08/2016,Defence and security,0,0
23/08/2016,Defence and security,0,0
31/08/2016,Defence and security,0,0
14/09/2016,Defence and security,0,0
12/10/2016,Defence and security,0,0
25/10/2016,Defence and security,0,0
01/11/2016,Defence and security,0,0
15/11/2016,Defence and security,0,0
29/11/2016,Defence and security,0,0
17/12/2016,Defence and security,0,0
10/01/2017,Defence and security,0,0
17/01/2017,Defence and security,0,0
24/01/2017,Defence and security,0,0
31/01/2017,Defence and security,0,0
13/02/2017,Defence and security,0,0
22/02/2017,Defence and security,0,0
28/02/2017,Defence and security,0,0
14/03/2017,Defence and security,0,0
21/03/2017,Defence and security,0,0
27/03/2017,Defence and security,0,0
06/04/2017,Defence and security,0,0
19/04/2017,Defence and security,0,0
26/04/2017,Defence and security,0,0
03/05/2017,Defence and security,0,0
10/05/2017,Defence and security,0,0
17/05/2017,Defence and security,0,0
31/05/2017,Defence and security,0,0
07/06/2017,Defence and security,0,0
22/06/2017,Defence and security,0.28,28
11/07/2017,Defence and security,0.21,21
01/08/2017,Defence and security,0.17,17
31/08/2017,Defence and security,0.23,23
12/09/2017,Defence and security,0.19,19
11/10/2017,Defence and security,0.2,20
28/11/2017,Defence and security,0.18,18
12/12/2017,Defence and security,0.15,15
20/12/2017,Defence and security,0.16,16
21/12/2017,Defence and security,0.17,17
15/01/2013,None of these,0,0
29/01/2013,None of these,0,0
12/02/2013,None of these,0,0
26/02/2013,None of these,0,0
05/03/2013,None of these,0,0
12/03/2013,None of these,0,0
19/03/2013,None of these,0,0
26/03/2013,None of these,0,0
02/04/2013,None of these,0,0
09/04/2013,None of these,0,0
16/04/2013,None of these,0,0
23/04/2013,None of these,0,0
30/04/2013,None of these,0,0
07/05/2013,None of these,0,0
21/05/2013,None of these,0,0
04/06/2013,None of these,0,0
18/06/2013,None of these,0,0
16/07/2013,None of these,0,0
30/07/2013,None of these,0,0
13/08/2013,None of these,0,0
27/08/2013,None of these,0,0
10/09/2013,None of these,0,0
08/10/2013,None of these,0,0
22/10/2013,None of these,0,0
05/11/2013,None of these,0,0
19/11/2013,None of these,0,0
03/12/2013,None of these,0,0
17/12/2013,None of these,0,0
14/01/2014,None of these,0,0
22/01/2014,None of these,0,0
28/01/2014,None of these,0,0
11/02/2014,None of these,0,0
25/02/2014,None of these,0,0
11/03/2014,None of these,0,0
25/03/2014,None of these,0,0
08/04/2014,None of these,0,0
13/05/2014,None of these,0,0
28/05/2014,None of these,0,0
10/06/2014,None of these,0,0
24/06/2014,None of these,0,0
08/07/2014,None of these,0,0
22/07/2014,None of these,0,0
05/08/2014,None of these,0,0
19/08/2014,None of these,0,0
02/09/2014,None of these,0,0
16/09/2014,None of these,0,0
14/10/2014,None of these,0,0
28/10/2014,None of these,0,0
11/11/2014,None of these,0,0
25/11/2014,None of these,0,0
09/12/2014,None of these,0,0
06/01/2015,None of these,0,0
20/01/2015,None of these,0,0
03/02/2015,None of these,0,0
17/02/2015,None of these,0,0
03/03/2015,None of these,0,0
17/03/2015,None of these,0,0
31/03/2015,None of these,0,0
14/04/2015,None of these,0,0
28/04/2015,None of these,0,0
12/05/2015,None of these,0,0
19/05/2015,None of these,0,0
26/05/2015,None of these,0,0
02/06/2015,None of these,0,0
09/06/2015,None of these,0,0
04/09/2015,None of these,0,0
18/12/2015,None of these,0,0
08/06/2016,None of these,0,0
06/07/2016,None of these,0,0
26/07/2016,None of these,0,0
02/08/2016,None of these,0,0
09/08/2016,None of these,0,0
17/08/2016,None of these,0,0
23/08/2016,None of these,0,0
31/08/2016,None of these,0,0
14/09/2016,None of these,0,0
12/10/2016,None of these,0,0
25/10/2016,None of these,0,0
01/11/2016,None of these,0,0
15/11/2016,None of these,0,0
29/11/2016,None of these,0,0
17/12/2016,None of these,0,0
10/01/2017,None of these,0,0
17/01/2017,None of these,0,0
24/01/2017,None of these,0,0
31/01/2017,None of these,0,0
13/02/2017,None of these,0,0
22/02/2017,None of these,0,0
28/02/2017,None of these,0,0
14/03/2017,None of these,0,0
21/03/2017,None of these,0,0
27/03/2017,None of these,0,0
06/04/2017,None of these,0,0
19/04/2017,None of these,0,0
26/04/2017,None of these,0,0
03/05/2017,None of these,0,0
10/05/2017,None of these,0,0
17/05/2017,None of these,0,0
31/05/2017,None of these,0,0
07/06/2017,None of these,0,0
22/06/2017,None of these,0,0
11/07/2017,None of these,0,0
01/08/2017,None of these,0,0
31/08/2017,None of these,0,0
12/09/2017,None of these,0,0
11/10/2017,None of these,0,0
28/11/2017,None of these,0,0
12/12/2017,None of these,0,0
20/12/2017,None of these,0,0
21/12/2017,None of these,0,0
15/01/2013,Don't know,0,0
29/01/2013,Don't know,0,0
12/02/2013,Don't know,0,0
26/02/2013,Don't know,0,0
05/03/2013,Don't know,0,0
12/03/2013,Don't know,0,0
19/03/2013,Don't know,0,0
26/03/2013,Don't know,0,0
02/04/2013,Don't know,0,0
09/04/2013,Don't know,0,0
16/04/2013,Don't know,0,0
23/04/2013,Don't know,0,0
30/04/2013,Don't know,0,0
07/05/2013,Don't know,0,0
21/05/2013,Don't know,0,0
04/06/2013,Don't know,0,0
18/06/2013,Don't know,0,0
16/07/2013,Don't know,0,0
30/07/2013,Don't know,0,0
13/08/2013,Don't know,0,0
27/08/2013,Don't know,0,0
10/09/2013,Don't know,0,0
08/10/2013,Don't know,0,0
22/10/2013,Don't know,0,0
05/11/2013,Don't know,0,0
19/11/2013,Don't know,0,0
03/12/2013,Don't know,0,0
17/12/2013,Don't know,0,0
14/01/2014,Don't know,0,0
22/01/2014,Don't know,0,0
28/01/2014,Don't know,0,0
11/02/2014,Don't know,0,0
25/02/2014,Don't know,0,0
11/03/2014,Don't know,0,0
25/03/2014,Don't know,0,0
08/04/2014,Don't know,0,0
13/05/2014,Don't know,0,0
28/05/2014,Don't know,0,0
10/06/2014,Don't know,0,0
24/06/2014,Don't know,0,0
08/07/2014,Don't know,0,0
22/07/2014,Don't know,0,0
05/08/2014,Don't know,0,0
19/08/2014,Don't know,0,0
02/09/2014,Don't know,0,0
16/09/2014,Don't know,0,0
14/10/2014,Don't know,0,0
28/10/2014,Don't know,0,0
11/11/2014,Don't know,0,0
25/11/2014,Don't know,0,0
09/12/2014,Don't know,0,0
06/01/2015,Don't know,0,0
20/01/2015,Don't know,0,0
03/02/2015,Don't know,0,0
17/02/2015,Don't know,0,0
03/03/2015,Don't know,0,0
17/03/2015,Don't know,0,0
31/03/2015,Don't know,0,0
14/04/2015,Don't know,0,0
28/04/2015,Don't know,0,0
12/05/2015,Don't know,0,0
19/05/2015,Don't know,0,0
26/05/2015,Don't know,0,0
02/06/2015,Don't know,0,0
09/06/2015,Don't know,0,0
04/09/2015,Don't know,0,0
18/12/2015,Don't know,0,0
08/06/2016,Don't know,0,0
06/07/2016,Don't know,0,0
26/07/2016,Don't know,0,0
02/08/2016,Don't know,0,0
09/08/2016,Don't know,0,0
17/08/2016,Don't know,0,0
23/08/2016,Don't know,0,0
31/08/2016,Don't know,0,0
14/09/2016,Don't know,0,0
12/10/2016,Don't know,0,0
25/10/2016,Don't know,0,0
01/11/2016,Don't know,0,0
15/11/2016,Don't know,0,0
29/11/2016,Don't know,0,0
17/12/2016,Don't know,0,0
10/01/2017,Don't know,0,0
17/01/2017,Don't know,0,0
24/01/2017,Don't know,0,0
31/01/2017,Don't know,0,0
13/02/2017,Don't know,0,0
22/02/2017,Don't know,0,0
28/02/2017,Don't know,0,0
14/03/2017,Don't know,0,0
21/03/2017,Don't know,0,0
27/03/2017,Don't know,0,0
06/04/2017,Don't know,0,0
19/04/2017,Don't know,0,0
26/04/2017,Don't know,0,0
03/05/2017,Don't know,0,0
10/05/2017,Don't know,0,0
17/05/2017,Don't know,0,0
31/05/2017,Don't know,0,0
07/06/2017,Don't know,0,0
22/06/2017,Don't know,0,0
11/07/2017,Don't know,0,0
01/08/2017,Don't know,0,0
31/08/2017,Don't know,0,0
12/09/2017,Don't know,0,0
11/10/2017,Don't know,0,0
28/11/2017,Don't know,0,0
12/12/2017,Don't know,0,0
20/12/2017,Don't know,0,0
21/12/2017,Don't know,0,0
15/01/2013,Afghanistan,0.05,5
29/01/2013,Afghanistan,0.05,5
12/02/2013,Afghanistan,0.05,5
26/02/2013,Afghanistan,0.03,3
05/03/2013,Afghanistan,0.05,5
12/03/2013,Afghanistan,0.03,3
19/03/2013,Afghanistan,0.04,4
26/03/2013,Afghanistan,0.04,4
02/04/2013,Afghanistan,0.02,2
09/04/2013,Afghanistan,0.02,2
16/04/2013,Afghanistan,0.02,2
23/04/2013,Afghanistan,0.03,3
30/04/2013,Afghanistan,0.04,4
07/05/2013,Afghanistan,0.05,5
21/05/2013,Afghanistan,0.05,5
04/06/2013,Afghanistan,0.05,5
18/06/2013,Afghanistan,0,0
16/07/2013,Afghanistan,0,0
30/07/2013,Afghanistan,0,0
13/08/2013,Afghanistan,0,0
27/08/2013,Afghanistan,0,0
10/09/2013,Afghanistan,0,0
08/10/2013,Afghanistan,0,0
22/10/2013,Afghanistan,0,0
05/11/2013,Afghanistan,0,0
19/11/2013,Afghanistan,0,0
03/12/2013,Afghanistan,0,0
17/12/2013,Afghanistan,0,0
14/01/2014,Afghanistan,0,0
22/01/2014,Afghanistan,0,0
28/01/2014,Afghanistan,0,0
11/02/2014,Afghanistan,0,0
25/02/2014,Afghanistan,0,0
11/03/2014,Afghanistan,0,0
25/03/2014,Afghanistan,0,0
08/04/2014,Afghanistan,0,0
13/05/2014,Afghanistan,0,0
28/05/2014,Afghanistan,0,0
10/06/2014,Afghanistan,0,0
24/06/2014,Afghanistan,0,0
08/07/2014,Afghanistan,0,0
22/07/2014,Afghanistan,0,0
05/08/2014,Afghanistan,0,0
19/08/2014,Afghanistan,0,0
02/09/2014,Afghanistan,0,0
16/09/2014,Afghanistan,0,0
14/10/2014,Afghanistan,0,0
28/10/2014,Afghanistan,0,0
11/11/2014,Afghanistan,0,0
25/11/2014,Afghanistan,0,0
09/12/2014,Afghanistan,0,0
06/01/2015,Afghanistan,0,0
20/01/2015,Afghanistan,0,0
03/02/2015,Afghanistan,0,0
17/02/2015,Afghanistan,0,0
03/03/2015,Afghanistan,0,0
17/03/2015,Afghanistan,0,0
31/03/2015,Afghanistan,0,0
14/04/2015,Afghanistan,0,0
28/04/2015,Afghanistan,0,0
12/05/2015,Afghanistan,0,0
19/05/2015,Afghanistan,0,0
26/05/2015,Afghanistan,0,0
02/06/2015,Afghanistan,0,0
09/06/2015,Afghanistan,0,0
04/09/2015,Afghanistan,0,0
18/12/2015,Afghanistan,0,0
08/06/2016,Afghanistan,0,0
06/07/2016,Afghanistan,0,0
26/07/2016,Afghanistan,0,0
02/08/2016,Afghanistan,0,0
09/08/2016,Afghanistan,0,0
17/08/2016,Afghanistan,0,0
23/08/2016,Afghanistan,0,0
31/08/2016,Afghanistan,0,0
14/09/2016,Afghanistan,0,0
12/10/2016,Afghanistan,0,0
25/10/2016,Afghanistan,0,0
01/11/2016,Afghanistan,0,0
15/11/2016,Afghanistan,0,0
29/11/2016,Afghanistan,0,0
17/12/2016,Afghanistan,0,0
10/01/2017,Afghanistan,0,0
17/01/2017,Afghanistan,0,0
24/01/2017,Afghanistan,0,0
31/01/2017,Afghanistan,0,0
13/02/2017,Afghanistan,0,0
22/02/2017,Afghanistan,0,0
28/02/2017,Afghanistan,0,0
14/03/2017,Afghanistan,0,0
21/03/2017,Afghanistan,0,0
27/03/2017,Afghanistan,0,0
06/04/2017,Afghanistan,0,0
19/04/2017,Afghanistan,0,0
26/04/2017,Afghanistan,0,0
03/05/2017,Afghanistan,0,0
10/05/2017,Afghanistan,0,0
17/05/2017,Afghanistan,0,0
31/05/2017,Afghanistan,0,0
07/06/2017,Afghanistan,0,0
22/06/2017,Afghanistan,0,0
11/07/2017,Afghanistan,0,0
01/08/2017,Afghanistan,0,0
31/08/2017,Afghanistan,0,0
12/09/2017,Afghanistan,0,0
11/10/2017,Afghanistan,0,0
28/11/2017,Afghanistan,0,0
12/12/2017,Afghanistan,0,0
20/12/2017,Afghanistan,0,0
21/12/2017,Afghanistan,0,0
15/01/2013,Defence and Terrorism,0,0
29/01/2013,Defence and Terrorism,0,0
12/02/2013,Defence and Terrorism,0,0
26/02/2013,Defence and Terrorism,0,0
05/03/2013,Defence and Terrorism,0,0
12/03/2013,Defence and Terrorism,0,0
19/03/2013,Defence and Terrorism,0,0
26/03/2013,Defence and Terrorism,0,0
02/04/2013,Defence and Terrorism,0,0
09/04/2013,Defence and Terrorism,0,0
16/04/2013,Defence and Terrorism,0,0
23/04/2013,Defence and Terrorism,0,0
30/04/2013,Defence and Terrorism,0,0
07/05/2013,Defence and Terrorism,0,0
21/05/2013,Defence and Terrorism,0,0
04/06/2013,Defence and Terrorism,0,0
18/06/2013,Defence and Terrorism,0,0
16/07/2013,Defence and Terrorism,0,0
30/07/2013,Defence and Terrorism,0,0
13/08/2013,Defence and Terrorism,0,0
27/08/2013,Defence and Terrorism,0,0
10/09/2013,Defence and Terrorism,0,0
08/10/2013,Defence and Terrorism,0,0
22/10/2013,Defence and Terrorism,0,0
05/11/2013,Defence and Terrorism,0,0
19/11/2013,Defence and Terrorism,0,0
03/12/2013,Defence and Terrorism,0,0
17/12/2013,Defence and Terrorism,0,0
14/01/2014,Defence and Terrorism,0,0
22/01/2014,Defence and Terrorism,0,0
28/01/2014,Defence and Terrorism,0,0
11/02/2014,Defence and Terrorism,0,0
25/02/2014,Defence and Terrorism,0,0
11/03/2014,Defence and Terrorism,0,0
25/03/2014,Defence and Terrorism,0,0
08/04/2014,Defence and Terrorism,0,0
13/05/2014,Defence and Terrorism,0,0
28/05/2014,Defence and Terrorism,0,0
10/06/2014,Defence and Terrorism,0,0
24/06/2014,Defence and Terrorism,0,0
08/07/2014,Defence and Terrorism,0,0
22/07/2014,Defence and Terrorism,0,0
05/08/2014,Defence and Terrorism,0,0
19/08/2014,Defence and Terrorism,0,0
02/09/2014,Defence and Terrorism,0,0
16/09/2014,Defence and Terrorism,0,0
14/10/2014,Defence and Terrorism,0,0
28/10/2014,Defence and Terrorism,0,0
11/11/2014,Defence and Terrorism,0,0
25/11/2014,Defence and Terrorism,0,0
09/12/2014,Defence and Terrorism,0,0
06/01/2015,Defence and Terrorism,0,0
20/01/2015,Defence and Terrorism,0,0
03/02/2015,Defence and Terrorism,0,0
17/02/2015,Defence and Terrorism,0,0
03/03/2015,Defence and Terrorism,0,0
17/03/2015,Defence and Terrorism,0,0
31/03/2015,Defence and Terrorism,0,0
14/04/2015,Defence and Terrorism,0,0
28/04/2015,Defence and Terrorism,0,0
12/05/2015,Defence and Terrorism,0,0
19/05/2015,Defence and Terrorism,0,0
26/05/2015,Defence and Terrorism,0,0
02/06/2015,Defence and Terrorism,0,0
09/06/2015,Defence and Terrorism,0,0
04/09/2015,Defence and Terrorism,0,0
18/12/2015,Defence and Terrorism,0,0
08/06/2016,Defence and Terrorism,0.32,32
06/07/2016,Defence and Terrorism,0.23,23
26/07/2016,Defence and Terrorism,0,0
02/08/2016,Defence and Terrorism,0,0
09/08/2016,Defence and Terrorism,0,0
17/08/2016,Defence and Terrorism,0,0
23/08/2016,Defence and Terrorism,0,0
31/08/2016,Defence and Terrorism,0,0
14/09/2016,Defence and Terrorism,0,0
12/10/2016,Defence and Terrorism,0,0
25/10/2016,Defence and Terrorism,0,0
01/11/2016,Defence and Terrorism,0,0
15/11/2016,Defence and Terrorism,0,0
29/11/2016,Defence and Terrorism,0,0
17/12/2016,Defence and Terrorism,0,0
10/01/2017,Defence and Terrorism,0,0
17/01/2017,Defence and Terrorism,0,0
24/01/2017,Defence and Terrorism,0,0
31/01/2017,Defence and Terrorism,0,0
13/02/2017,Defence and Terrorism,0,0
22/02/2017,Defence and Terrorism,0,0
28/02/2017,Defence and Terrorism,0,0
14/03/2017,Defence and Terrorism,0,0
21/03/2017,Defence and Terrorism,0,0
27/03/2017,Defence and Terrorism,0,0
06/04/2017,Defence and Terrorism,0,0
19/04/2017,Defence and Terrorism,0,0
26/04/2017,Defence and Terrorism,0,0
03/05/2017,Defence and Terrorism,0,0
10/05/2017,Defence and Terrorism,0,0
17/05/2017,Defence and Terrorism,0,0
31/05/2017,Defence and Terrorism,0,0
07/06/2017,Defence and Terrorism,0,0
22/06/2017,Defence and Terrorism,0,0
11/07/2017,Defence and Terrorism,0,0
01/08/2017,Defence and Terrorism,0,0
31/08/2017,Defence and Terrorism,0,0
12/09/2017,Defence and Terrorism,0,0
11/10/2017,Defence and Terrorism,0,0
28/11/2017,Defence and Terrorism,0,0
12/12/2017,Defence and Terrorism,0,0
20/12/2017,Defence and Terrorism,0,0
21/12/2017,Defence and Terrorism,0,0
15/01/2013,Don't know / None of these,0.02,2
29/01/2013,Don't know / None of these,0.02,2
12/02/2013,Don't know / None of these,0.02,2
26/02/2013,Don't know / None of these,0.02,2
05/03/2013,Don't know / None of these,0.03,3
12/03/2013,Don't know / None of these,0.02,2
19/03/2013,Don't know / None of these,0.03,3
26/03/2013,Don't know / None of these,0.03,3
02/04/2013,Don't know / None of these,0.03,3
09/04/2013,Don't know / None of these,0.03,3
16/04/2013,Don't know / None of these,0.03,3
23/04/2013,Don't know / None of these,0.03,3
30/04/2013,Don't know / None of these,0.03,3
07/05/2013,Don't know / None of these,0.04,4
21/05/2013,Don't know / None of these,0.02,2
04/06/2013,Don't know / None of these,0.02,2
18/06/2013,Don't know / None of these,0.03,3
16/07/2013,Don't know / None of these,0.02,2
30/07/2013,Don't know / None of these,0.03,3
13/08/2013,Don't know / None of these,0.03,3
27/08/2013,Don't know / None of these,0.03,3
10/09/2013,Don't know / None of these,0.05,5
08/10/2013,Don't know / None of these,0.05,5
22/10/2013,Don't know / None of these,0.03,3
05/11/2013,Don't know / None of these,0.04,4
19/11/2013,Don't know / None of these,0.03,3
03/12/2013,Don't know / None of these,0.05,5
17/12/2013,Don't know / None of these,0.04,4
14/01/2014,Don't know / None of these,0.03,3
22/01/2014,Don't know / None of these,0.04,4
28/01/2014,Don't know / None of these,0.03,3
11/02/2014,Don't know / None of these,0.04,4
25/02/2014,Don't know / None of these,0.02,2
11/03/2014,Don't know / None of these,0.03,3
25/03/2014,Don't know / None of these,0.03,3
08/04/2014,Don't know / None of these,0.03,3
13/05/2014,Don't know / None of these,0.04,4
28/05/2014,Don't know / None of these,0.04,4
10/06/2014,Don't know / None of these,0.04,4
24/06/2014,Don't know / None of these,0.04,4
08/07/2014,Don't know / None of these,0.04,4
22/07/2014,Don't know / None of these,0.04,4
05/08/2014,Don't know / None of these,0.04,4
19/08/2014,Don't know / None of these,0.03,3
02/09/2014,Don't know / None of these,0.04,4
16/09/2014,Don't know / None of these,0.04,4
14/10/2014,Don't know / None of these,0.04,4
28/10/2014,Don't know / None of these,0.05,5
11/11/2014,Don't know / None of these,0.04,4
25/11/2014,Don't know / None of these,0.04,4
09/12/2014,Don't know / None of these,0.04,4
06/01/2015,Don't know / None of these,0.03,3
20/01/2015,Don't know / None of these,0.04,4
03/02/2015,Don't know / None of these,0.04,4
17/02/2015,Don't know / None of these,0.04,4
03/03/2015,Don't know / None of these,0.03,3
17/03/2015,Don't know / None of these,0.03,3
31/03/2015,Don't know / None of these,0.03,3
14/04/2015,Don't know / None of these,0.02,2
28/04/2015,Don't know / None of these,0.03,3
12/05/2015,Don't know / None of these,0.03,3
19/05/2015,Don't know / None of these,0.03,3
26/05/2015,Don't know / None of these,0.03,3
02/06/2015,Don't know / None of these,0.03,3
09/06/2015,Don't know / None of these,0.04,4
04/09/2015,Don't know / None of these,0.04,4
18/12/2015,Don't know / None of these,0.04,4
08/06/2016,Don't know / None of these,0.05,5
06/07/2016,Don't know / None of these,0.05,5
26/07/2016,Don't know / None of these,0.06,6
02/08/2016,Don't know / None of these,0.05,5
09/08/2016,Don't know / None of these,0.05,5
17/08/2016,Don't know / None of these,0.05,5
23/08/2016,Don't know / None of these,0.05,5
31/08/2016,Don't know / None of these,0.03,3
14/09/2016,Don't know / None of these,0.05,5
12/10/2016,Don't know / None of these,0.05,5
25/10/2016,Don't know / None of these,0.06,6
01/11/2016,Don't know / None of these,0.04,4
15/11/2016,Don't know / None of these,0.05,5
29/11/2016,Don't know / None of these,0.05,5
17/12/2016,Don't know / None of these,0.07,7
10/01/2017,Don't know / None of these,0.06,6
17/01/2017,Don't know / None of these,0.04,4
24/01/2017,Don't know / None of these,0.05,5
31/01/2017,Don't know / None of these,0.04,4
13/02/2017,Don't know / None of these,0.06,6
22/02/2017,Don't know / None of these,0.03,3
28/02/2017,Don't know / None of these,0.05,5
14/03/2017,Don't know / None of these,0.04,4
21/03/2017,Don't know / None of these,0.05,5
27/03/2017,Don't know / None of these,0.05,5
06/04/2017,Don't know / None of these,0.04,4
19/04/2017,Don't know / None of these,0.05,5
26/04/2017,Don't know / None of these,0.05,5
03/05/2017,Don't know / None of these,0.04,4
10/05/2017,Don't know / None of these,0.04,4
17/05/2017,Don't know / None of these,0.05,5
31/05/2017,Don't know / None of these,0.06,6
07/06/2017,Don't know / None of these,0.05,5
22/06/2017,Don't know / None of these,0.04,4
11/07/2017,Don't know / None of these,0.04,4
01/08/2017,Don't know / None of these,0.05,5
31/08/2017,Don't know / None of these,0.06,6
12/09/2017,Don't know / None of these,0.04,4
11/10/2017,Don't know / None of these,0.04,4
28/11/2017,Don't know / None of these,0.05,5
12/12/2017,Don't know / None of these,0.04,4
20/12/2017,Don't know / None of these,0.05,5
21/12/2017,Don't know / None of these,0.04,4
15/01/2013,Unweighted base,2007,2007
29/01/2013,Unweighted base,1971,1971
12/02/2013,Unweighted base,1945,1945
26/02/2013,Unweighted base,1925,1925
05/03/2013,Unweighted base,1926,1926
12/03/2013,Unweighted base,2004,2004
19/03/2013,Unweighted base,1920,1920
26/03/2013,Unweighted base,2047,2047
02/04/2013,Unweighted base,1757,1757
09/04/2013,Unweighted base,1893,1893
16/04/2013,Unweighted base,1928,1928
23/04/2013,Unweighted base,1934,1934
30/04/2013,Unweighted base,1891,1891
07/05/2013,Unweighted base,1270,1270
21/05/2013,Unweighted base,1914,1914
04/06/2013,Unweighted base,1255,1255
18/06/2013,Unweighted base,1921,1921
16/07/2013,Unweighted base,1965,1965
30/07/2013,Unweighted base,1869,1869
13/08/2013,Unweighted base,1960,1960
27/08/2013,Unweighted base,1991,1991
10/09/2013,Unweighted base,1579,1579
08/10/2013,Unweighted base,1958,1958
22/10/2013,Unweighted base,2089,2089
05/11/2013,Unweighted base,1876,1876
19/11/2013,Unweighted base,2108,2108
03/12/2013,Unweighted base,1935,1935
17/12/2013,Unweighted base,1791,1791
14/01/2014,Unweighted base,2074,2074
22/01/2014,Unweighted base,1843,1843
28/01/2014,Unweighted base,1814,1814
11/02/2014,Unweighted base,1914,1914
25/02/2014,Unweighted base,1936,1936
11/03/2014,Unweighted base,2040,2040
25/03/2014,Unweighted base,1958,1958
08/04/2014,Unweighted base,2144,2144
13/05/2014,Unweighted base,1977,1977
28/05/2014,Unweighted base,2109,2109
10/06/2014,Unweighted base,1974,1974
24/06/2014,Unweighted base,1984,1984
08/07/2014,Unweighted base,2072,2072
22/07/2014,Unweighted base,1904,1904
05/08/2014,Unweighted base,1977,1977
19/08/2014,Unweighted base,2036,2036
02/09/2014,Unweighted base,2068,2068
16/09/2014,Unweighted base,1977,1977
14/10/2014,Unweighted base,2144,2144
28/10/2014,Unweighted base,2072,2072
11/11/2014,Unweighted base,2143,2143
25/11/2014,Unweighted base,1954,1954
09/12/2014,Unweighted base,1980,1980
06/01/2015,Unweighted base,1782,1782
20/01/2015,Unweighted base,1606,1606
03/02/2015,Unweighted base,1719,1719
17/02/2015,Unweighted base,971,971
03/03/2015,Unweighted base,1716,1716
17/03/2015,Unweighted base,1857,1857
31/03/2015,Unweighted base,1634,1634
14/04/2015,Unweighted base,1541,1541
28/04/2015,Unweighted base,1493,1493
12/05/2015,Unweighted base,1687,1687
19/05/2015,Unweighted base,1491,1491
26/05/2015,Unweighted base,1709,1709
02/06/2015,Unweighted base,1719,1719
09/06/2015,Unweighted base,1516,1516
04/09/2015,Unweighted base,1579,1579
18/12/2015,Unweighted base,1610,1610
08/06/2016,Unweighted base,1751,1751
06/07/2016,Unweighted base,1732,1732
26/07/2016,Unweighted base,1680,1680
02/08/2016,Unweighted base,1722,1722
09/08/2016,Unweighted base,1692,1692
17/08/2016,Unweighted base,1677,1677
23/08/2016,Unweighted base,1660,1660
31/08/2016,Unweighted base,1687,1687
14/09/2016,Unweighted base,1732,1732
12/10/2016,Unweighted base,3762,3762
25/10/2016,Unweighted base,1655,1655
01/11/2016,Unweighted base,1655,1655
15/11/2016,Unweighted base,1717,1717
29/11/2016,Unweighted base,1624,1624
17/12/2016,Unweighted base,1679,1679
10/01/2017,Unweighted base,1660,1660
17/01/2017,Unweighted base,1627,1627
24/01/2017,Unweighted base,1643,1643
31/01/2017,Unweighted base,1705,1705
13/02/2017,Unweighted base,2052,2052
22/02/2017,Unweighted base,2060,2060
28/02/2017,Unweighted base,1666,1666
14/03/2017,Unweighted base,1631,1631
21/03/2017,Unweighted base,1627,1627
27/03/2017,Unweighted base,1957,1957
06/04/2017,Unweighted base,1651,1651
19/04/2017,Unweighted base,1727,1727
26/04/2017,Unweighted base,1590,1590
03/05/2017,Unweighted base,2066,2066
10/05/2017,Unweighted base,1413,1413
17/05/2017,Unweighted base,1861,1861
31/05/2017,Unweighted base,3538,3538
07/06/2017,Unweighted base,1252,1252
22/06/2017,Unweighted base,1670,1670
11/07/2017,Unweighted base,1633,1633
01/08/2017,Unweighted base,1665,1665
31/08/2017,Unweighted base,1658,1658
12/09/2017,Unweighted base,1666,1666
11/10/2017,Unweighted base,1680,1680
28/11/2017,Unweighted base,1575,1575
12/12/2017,Unweighted base,1682,1682
20/12/2017,Unweighted base,1610,1610
21/12/2017,Unweighted base,1625,1625
15/01/2013,Base,2007,2007
29/01/2013,Base,1971,1971
12/02/2013,Base,1945,1945
26/02/2013,Base,1925,1925
05/03/2013,Base,1926,1926
12/03/2013,Base,2004,2004
19/03/2013,Base,1920,1920
26/03/2013,Base,2047,2047
02/04/2013,Base,1757,1757
09/04/2013,Base,1893,1893
16/04/2013,Base,1928,1928
23/04/2013,Base,1934,1934
30/04/2013,Base,1891,1891
07/05/2013,Base,1233,1233
21/05/2013,Base,1914,1914
04/06/2013,Base,1217,1217
18/06/2013,Base,1921,1921
16/07/2013,Base,1965,1965
30/07/2013,Base,1869,1869
13/08/2013,Base,1960,1960
27/08/2013,Base,1991,1991
10/09/2013,Base,1579,1579
08/10/2013,Base,1958,1958
22/10/2013,Base,2089,2089
05/11/2013,Base,1876,1876
19/11/2013,Base,2108,2108
03/12/2013,Base,1935,1935
17/12/2013,Base,1791,1791
14/01/2014,Base,2072,2072
22/01/2014,Base,1843,1843
28/01/2014,Base,1814,1814
11/02/2014,Base,1938,1938
25/02/2014,Base,1936,1936
11/03/2014,Base,2040,2040
25/03/2014,Base,1952,1952
08/04/2014,Base,2138,2138
13/05/2014,Base,1974,1974
28/05/2014,Base,2108,2108
10/06/2014,Base,1974,1974
24/06/2014,Base,1980,1980
08/07/2014,Base,2072,2072
22/07/2014,Base,1904,1904
05/08/2014,Base,1977,1977
19/08/2014,Base,2036,2036
02/09/2014,Base,2068,2068
16/09/2014,Base,1977,1977
14/10/2014,Base,2144,2144
28/10/2014,Base,2072,2072
11/11/2014,Base,2143,2143
25/11/2014,Base,1954,1954
09/12/2014,Base,1980,1980
06/01/2015,Base,1782,1782
20/01/2015,Base,1606,1606
03/02/2015,Base,1719,1719
17/02/2015,Base,971,971
03/03/2015,Base,1716,1716
17/03/2015,Base,1857,1857
31/03/2015,Base,1634,1634
14/04/2015,Base,1541,1541
28/04/2015,Base,1493,1493
12/05/2015,Base,1687,1687
19/05/2015,Base,1489,1489
26/05/2015,Base,1709,1709
02/06/2015,Base,1719,1719
09/06/2015,Base,1516,1516
04/09/2015,Base,1579,1579
18/12/2015,Base,1610,1610
08/06/2016,Base,1751,1751
06/07/2016,Base,1732,1732
26/07/2016,Base,1680,1680
02/08/2016,Base,1722,1722
09/08/2016,Base,1692,1692
17/08/2016,Base,1677,1677
23/08/2016,Base,1660,1660
31/08/2016,Base,1687,1687
14/09/2016,Base,1732,1732
12/10/2016,Base,3762,3762
25/10/2016,Base,1655,1655
01/11/2016,Base,1655,1655
15/11/2016,Base,1717,1717
29/11/2016,Base,1624,1624
17/12/2016,Base,1679,1679
10/01/2017,Base,1660,1660
17/01/2017,Base,1627,1627
24/01/2017,Base,1643,1643
31/01/2017,Base,1705,1705
13/02/2017,Base,2052,2052
22/02/2017,Base,2060,2060
28/02/2017,Base,1666,1666
14/03/2017,Base,1631,1631
21/03/2017,Base,1627,1627
27/03/2017,Base,1957,1957
06/04/2017,Base,1651,1651
19/04/2017,Base,1727,1727
26/04/2017,Base,1590,1590
03/05/2017,Base,2066,2066
10/05/2017,Base,1413,1413
17/05/2017,Base,1861,1861
31/05/2017,Base,3538,3538
07/06/2017,Base,1252,1252
22/06/2017,Base,1670,1670
11/07/2017,Base,1643,1643
01/08/2017,Base,1665,1665
31/08/2017,Base,1658,1658
12/09/2017,Base,1666,1666
11/10/2017,Base,1680,1680
28/11/2017,Base,1575,1575
12/12/2017,Base,1682,1682
20/12/2017,Base,1610,1610
21/12/2017,Base,1625,1625
